USE MUNDIALESFUTBOL   /*UNA VEZ EJECUTADO EL PROGRAMA CREATE PRESIONO EXECUTE SIN SELECCIONAR NADA Y YA SE CARGAN LOS DATOS*/



INSERT INTO CIUDAD(ID_CIUDAD,DESCRIPCION)
VALUES
(1,'SÃO PAULO'),
(2,'SALVADOR'),
(3,'RÍO DE JANEIRO'),
(4,'RUSTENBURG'),
(5,'RECIFE'),
(6,'PUERTO ELIZABETH'),
(7,'PRETORIA'),
(8,'PORTO ALEGRE'),
(9,'POLOKWANE'),
(10,'NELSPRUIT'),
(11,'NATAL'),
(12,'MANAOS'),
(13,'JOHANNESBURGO'),
(14,'FORTALEZA'),
(15,'DURBAN'),
(16,'CURITIBA'),
(17,'CUIABÁ'),
(18,'CIUDAD DEL CABO'),
(19,'BRASILIA'),
(20,'BLOEMFONTEIN'),
(21,'BELO HORIZONTE'),
(22,'MOSCÚ'),
(23,'SAN PETERSBURGO'),
(24,'KAZAN'),
(25,'SOCHI'),
(26,'VOLGOGRADO'),
(27,'NIJNI NOVGOROD'),
(28,'ROSTOV DEL DON'),
(29,'SAMARA ARENA'),
(30,'SARANSK'),
(31,'EKATERINBURGO'),
(32,'KALININGRADO'); /*OK*/



SET DATEFORMAT DMY

INSERT INTO DT 
(ID_DT, NOMBRE_DT, APELLIDO_DT, FECHA_DE_NAC) 
VALUES 
(1, 'RABAH', 'SAADANE', '03/05/1946'), 
(2, 'DIEGO', 'MARADONA', '30/10/1960'), 
(3, 'PIM', 'VERBEEK', '12/03/1956'), 
(4, 'CARLOS', 'VERRI', '30/10/1963'), 
(5, 'PAUL', 'LE GUEN', '01/03/1964'), 
(6, 'MARCELO', 'BIELSA', '21/07/1965'), 
(7, 'SVEN GÖRAN', 'ERIKSSON', '05/02/1948'), 
(8, 'MORTEN', 'OLSEN', '14/08/1949'), 
(9, 'FABIO', 'CAPELLO', '18/06/1946'), 
(10, 'RAYMOND', 'DOMENECH', '24/01/1952'), 
(11, 'JOACHIM', 'LOEW', '03/02/1960'), 
(12, 'MILOVAN', 'RAJEVAC', '02/01/1954'), 
(13, 'OTTO', 'REHHAGEL', '09/08/1938'), 
(14, 'REINALDO', 'RUEDA', '16/04/1957'), 
(15, ' MARCELLO', 'LIPPI', '12/04/1948'), 
(16, 'TAKESHI', 'OKADA', '25/08/1956'), 
(17, 'JONG HUN', 'KIM', '01/09/1956'), 
(18, 'JUNG MOO', 'HUH', '13/06/1955'), 
(19, 'JAVIER', 'AGUIRRE', '01/12/1958'), 
(20, 'BERT', 'VAN MARWIJK', '19/05/1952'), 
(21, 'RICKI', 'HERBERT', '10/04/1969'), 
(22, 'LARS', 'LAGERBACK', '16/07/1948'), 
(23, 'GERARDO', 'MARTINO', '20/11/1962'), 
(24, 'CARLOS', 'QUEIROZ', '01/03/1953'), 
(25, 'RADOMIR', 'ANTIC', '22/11/1948'),
(26, 'VLADIMIR', 'WEISS', '22/09/1964'), 
(27, 'MATJAZ', 'KEK', '09/09/1961'), 
(28, 'CARLOS', 'PARREIRA', '27/02/1943'), 
(29, 'VICENTE', 'DEL BOSQUE', '23/12/1950'), 
(30, 'OTTMAR', 'HITZFELD', '12/01/1949'), 
(31, 'OSCAR', 'TABAREZ', '03/03/1947'), 
(32, 'BOB', 'BRADLEY', '03/03/1958'), 
(33, 'VAHID', 'HALILHODŽIĆ', '15/05/1952'), 
(34, 'ALEJANDRO', 'SABELLA', '05/11/1954'), 
(35, 'ANGE', 'POSTECOGLOU ', '27/08/1965'), 
(36, 'MARC', 'WILMOTS', '22/02/1969'), 
(37, 'SAFET', 'SUŠIĆ', '13/04/1955'), 
(38, 'LUIZ', 'SCOLARI', '06/11/1948'), 
(39, 'VOLKER', 'FINKE', '24/03/1948'), 
(40, 'JORGE', 'SAMPAOLI', '13/03/1960'), 
(41, 'JOSE', 'PEKERMAN', '03/09/1949'), 
(42, 'JORGE', 'PINTO', '02/06/1952'),
(43, 'SABRI', 'LAMOUCHI', '09/11/1971'), 
(44, 'NIKO', 'KOVAČ', '15/10/1971'), 
(45, 'ROY', 'HODGSON', '09/08/1947'), 
(46, 'DIDIER', 'DESCHAMPS', '15/10/1968'), 
(47, 'AKWASI', 'APPIAH', '09/08/1959'), 
(48, 'FERNANDO', 'SANTOS', '10/10/1964'), 
(49, 'LUIS', 'SUÁREZ', '23/12/1959'), 
(50, 'CESARE', 'PRANDELLI', '19/08/1957'), 
(51, 'ALBERTO', 'ZACCHERONI', '01/04/1953'), 
(52, 'MYUNGBO', 'HONG', '12/02/1969'), 
(53, 'MIGUEL', 'HERRERA', '18/08/1968'),
(54, 'LOUIS', 'VAN GAAL', '08/08/1951'),
(55, 'STEPHEN', 'KESHI', '23/06/1962'),
(56, 'PAULO', 'BENTO', '20/06/1969'),
(57, 'JÜRGEN', 'KLINSMANN', '30/07/1964'), 
(58, 'ROBERTO', 'MARTINEZ', '03/12/1967'), 
(59, 'ADENOR', 'BACCHI', '25/05/1961'),
(60, 'OSCAR', 'RAMIREZ', '08/12/1964'), 
(61, 'ZLATKO', 'DALIĆ', '26/10/1966'), 
(62, 'ÅGE', 'ÅGE HAREIDE', '23/09/1953'), 
(63, 'HECTOR', 'CUPER', '16/11/1955'), 
(64, 'GARETH', 'SOUTHGATE', '03/09/1970'),
(65, 'HEIMIR', 'HALLGRIMSSON', '10/06/1967'), 
(66, 'AKIRA', 'NISHINO', '07/04/1955'), 
(67, 'TAE YONG', 'SHIN', '11/04/1969'), 
(68, 'JUAN CARLOS', 'OSORIO', '08/06/1961'), 
(69, 'HERVÉ', 'RENARD', '30/09/1968'), 
(70, 'GERNOT', 'ROHR', '28/06/1953'), 
(71, 'HERNAN', 'GOMEZ', '03/02/1956'), 
(72, 'RICARDO', 'GARECA', '10/02/1958'), 
(73, 'ADAM', 'NAWAŁKA', '23/10/1954'), 
(74, 'STANISLAV', 'CHERCHESOV', '02/09/1963'), 
(75, 'JUAN', 'PIZZI', '07/06/1968'), 
(76, 'ALIOU', 'CISSE', '24/03/1976'), 
(77, 'MLADEN', 'KRSTAJIĆ', '04/03/1974'), 
(78, 'FERNANDO', 'HIERRO', '23/03/1968'), 
(79, 'JANNE', 'ANDERSSON', '29/09/1962'), 
(80, 'VLADIMIR', 'PETKOVIĆ', '15/08/1963'), 
(81, 'NABIL', 'MAÂLOUL', '25/07/1962') /*OK*/



INSERT INTO MUNDIAL(ANIO)
VALUES
(2010),
(2014),
(2018);



INSERT INTO TIPO_GOL(ID_TIPO_GOL,DESCRIPCION)
VALUES
(1,'DE_JUGADA'),
(2,'GOL_DE_ORO'),
(3,'GOL_DE_PENAL');



INSERT INTO PAIS 
(ID_PAIS, BORRADO, NOMBRE) 
VALUES 
(1, 'N', 'AFGANISTÁN'), 
(2, 'N', 'ALBANIA'), 
(3, 'N', 'ALEMANIA'), 
(4, 'N', 'ANDORRA'), 
(5, 'N', 'ANGOLA'), 
(6, 'N', 'ANTIGUA Y BARBUDA'), 
(7, 'N', 'ARABIA SAUDITA'), 
(8, 'N', 'ARGELIA'), 
(9, 'N', 'ARGENTINA'), 
(10, 'N', 'ARMENIA'), 
(11, 'N', 'AUSTRALIA'), 
(12, 'N', 'AUSTRIA'), 
(13, 'N', 'AZERBAIYÁN'), 
(14, 'N', 'BAHAMAS'), 
(15, 'N', 'BANGLADÉS'), 
(16, 'N', 'BARBADOS'), 
(17, 'N', 'BARÉIN'), 
(18, 'N', 'BÉLGICA'), 
(19, 'N', 'BELICE'), 
(20, 'N', 'BENÍN'), 
(21, 'N', 'BIELORRUSIA'), 
(22, 'N', 'BIRMANIA'), 
(23, 'N', 'BOLIVIA'), 
(24, 'N', 'BOSNIA Y HERZEGOVINA'), 
(25, 'N', 'BOTSUANA'), 
(26, 'N', 'BRASIL'), 
(27, 'N', 'BRUNÉI'), 
(28, 'N', 'BULGARIA'), 
(29, 'N', 'BURKINA FASO'), 
(30, 'N', 'BURUNDI'), 
(31, 'N', 'BUTÁN'), 
(32, 'N', 'CABO VERDE'), 
(33, 'N', 'CAMBOYA'), 
(34, 'N', 'CAMERÚN'), 
(35, 'N', 'CANADÁ'), 
(36, 'N', 'CATAR'), 
(37, 'N', 'CHAD'), 
(38, 'N', 'CHILE'), 
(39, 'N', 'CHINA'), 
(40, 'N', 'CHIPRE'), 
(41, 'N', 'CIUDAD DEL VATICANO'), 
(42, 'N', 'COLOMBIA'), 
(43, 'N', 'COMORAS'), 
(44, 'N', 'COREA DEL NORTE'), 
(45, 'N', 'COREA DEL SUR'), 
(46, 'N', 'COSTA DE MARFIL'), 
(47, 'N', 'COSTA RICA'), 
(48, 'N', 'CROACIA'), 
(49, 'N', 'CUBA'), 
(50, 'N', 'DINAMARCA'), 
(51, 'N', 'DOMINICA'), 
(52, 'N', 'ECUADOR'), 
(53, 'N', 'EGIPTO'), 
(54, 'N', 'EL SALVADOR'), 
(55, 'N', 'EMIRATOS ÁRABES UNIDOS'), 
(56, 'N', 'ERITREA'), 
(57, 'N', 'ESLOVAQUIA'), 
(58, 'N', 'ESLOVENIA'), 
(59, 'N', 'ESPAÑA'), 
(60, 'N', 'ESTADOS UNIDOS'), 
(61, 'N', 'ESTONIA'), 
(62, 'N', 'ETIOPÍA'), 
(63, 'N', 'FILIPINAS'), 
(64, 'N', 'FINLANDIA'), 
(65, 'N', 'FIYI'), 
(66, 'N', 'FRANCIA'), 
(67, 'N', 'GABÓN'), 
(68, 'N', 'GAMBIA'), 
(69, 'N', 'GEORGIA'), 
(70, 'N', 'GHANA'), 
(71, 'N', 'GRANADA'), 
(72, 'N', 'GRECIA'), 
(73, 'N', 'GUATEMALA'), 
(74, 'N', 'GUYANA'), 
(75, 'N', 'GUINEA'), 
(76, 'N', 'GUINEA ECUATORIAL'), 
(77, 'N', 'GUINEA-BISÁU'), 
(78, 'N', 'HAITÍ'), 
(79, 'N', 'HONDURAS'), 
(80, 'N', 'HUNGRÍA'), 
(81, 'N', 'INDIA'), 
(82, 'N', 'INDONESIA'), 
(83, 'N', 'IRAK'), 
(84, 'N', 'IRÁN'), 
(85, 'N', 'IRLANDA'), 
(86, 'N', 'ISLANDIA'), 
(87, 'N', 'ISLAS MARSHALL'), 
(88, 'N', 'ISLAS SALOMÓN'), 
(89, 'N', 'ISRAEL'), 
(90, 'N', 'ITALIA'), 
(91, 'N', 'JAMAICA'), 
(92, 'N', 'JAPÓN'), 
(93, 'N', 'JORDANIA'), 
(94, 'N', 'KAZAJISTÁN'), 
(95, 'N', 'KENIA'), 
(96, 'N', 'KIRGUISTÁN'), 
(97, 'N', 'KIRIBATI'), 
(98, 'N', 'KUWAIT'), 
(99, 'N', 'LAOS'), 
(100, 'N', 'LESOTO'), 
(101, 'N', 'LETONIA'), 
(102, 'N', 'LÍBANO'), 
(103, 'N', 'LIBERIA'), 
(104, 'N', 'LIBIA'), 
(105, 'N', 'LIECHTENSTEIN'), 
(106, 'N', 'LITUANIA'), 
(107, 'N', 'LUXEMBURGO'), 
(108, 'N', 'MADAGASCAR'), 
(109, 'N', 'MALASIA'), 
(110, 'N', 'MALAUI'), 
(111, 'N', 'MALDIVAS'), 
(112, 'N', 'MALÍ'), 
(113, 'N', 'MALTA'), 
(114, 'N', 'MARRUECOS'), 
(115, 'N', 'MAURICIO'), 
(116, 'N', 'MAURITANIA'), 
(117, 'N', 'MÉXICO'), 
(118, 'N', 'MICRONESIA'), 
(119, 'N', 'MOLDAVIA'), 
(120, 'N', 'MÓNACO'), 
(121, 'N', 'MONGOLIA'), 
(122, 'N', 'MONTENEGRO'), 
(123, 'N', 'MOZAMBIQUE'), 
(124, 'N', 'NAMIBIA'), 
(125, 'N', 'NAURU'), 
(126, 'N', 'NEPAL'), 
(127, 'N', 'NICARAGUA'), 
(128, 'N', 'NÍGER'), 
(129, 'N', 'NIGERIA'), 
(130, 'N', 'NORUEGA'), 
(131, 'N', 'NUEVA ZELANDA'), 
(132, 'N', 'OMÁN'), 
(133, 'N', 'PAÍSES BAJOS'), 
(134, 'N', 'PAKISTÁN'), 
(135, 'N', 'PALAOS'), 
(136, 'N', 'PANAMÁ'), 
(137, 'N', 'PAPÚA NUEVA GUINEA'), 
(138, 'N', 'PARAGUAY'), 
(139, 'N', 'PERÚ'), 
(140, 'N', 'POLONIA'), 
(141, 'N', 'PORTUGAL'), 
(142, 'N', 'REINO UNIDO'), 
(143, 'N', 'REPÚBLICA CENTROAFRICANA'), 
(144, 'N', 'REPÚBLICA CHECA'), 
(145, 'N', 'REPÚBLICA DE MACEDONIA'), 
(146, 'N', 'REPÚBLICA DEL CONGO'), 
(147, 'N', 'REPÚBLICA DEMOCRÁTICA DEL CONGO'), 
(148, 'N', 'REPÚBLICA DOMINICANA'), 
(149, 'N', 'REPÚBLICA SUDAFRICANA'), 
(150, 'N', 'RUANDA'), 
(151, 'N', 'RUMANÍA'), 
(152, 'N', 'RUSIA'), 
(153, 'N', 'SAMOA'), 
(154, 'N', 'SAN CRISTÓBAL Y NIEVES'), 
(155, 'N', 'SAN MARINO'), 
(156, 'N', 'SAN VICENTE Y LAS GRANADINAS'), 
(157, 'N', 'SANTA LUCÍA'), 
(158, 'N', 'SANTO TOMÉ Y PRÍNCIPE'), 
(159, 'N', 'SENEGAL'), 
(160, 'N', 'SERBIA'), 
(161, 'N', 'SEYCHELLES'), 
(162, 'N', 'SIERRA LEONA'), 
(163, 'N', 'SINGAPUR'), 
(164, 'N', 'SIRIA'), 
(165, 'N', 'SOMALIA'), 
(166, 'N', 'SRI LANKA'), 
(167, 'N', 'SUAZILANDIA'), 
(168, 'N', 'SUDÁN'), 
(169, 'N', 'SUDÁN DEL SUR'), 
(170, 'N', 'SUECIA'), 
(171, 'N', 'SUIZA'), 
(172, 'N', 'SURINAM'), 
(173, 'N', 'TAILANDIA'), 
(174, 'N', 'TANZANIA'), 
(175, 'N', 'TAYIKISTÁN'), 
(176, 'N', 'TIMOR ORIENTAL'), 
(177, 'N', 'TOGO'), 
(178, 'N', 'TONGA'), 
(179, 'N', 'TRINIDAD Y TOBAGO'), 
(180, 'N', 'TÚNEZ'), 
(181, 'N', 'TURKMENISTÁN'), 
(182, 'N', 'TURQUÍA'), 
(183, 'N', 'TUVALU'), 
(184, 'N', 'UCRANIA'), 
(185, 'N', 'UGANDA'), 
(186, 'N', 'URUGUAY'), 
(187, 'N', 'UZBEKISTÁN'), 
(188, 'N', 'VANUATU'), 
(189, 'N', 'VENEZUELA'), 
(190, 'N', 'VIETNAM'), 
(191, 'N', 'YEMEN'), 
(192, 'N', 'YIBUTI'), 
(193, 'N', 'ZAMBIA'), 
(194, 'N', 'ZIMBABUE'); /*OK*/



INSERT INTO ESTADIO( 
ID_ESTADIO,
NOMBRE,
ID_CIUDAD)
VALUES
(1,'ARENA AMAZONIA',12),
(2,'ARENA DE BAIXADA',16),
(3,'ARENA CORINTHIANS',1),
(4,'ARENA FONTE NOVA',2),
(5,'ARENA PANTANAL',17),
(6,'ARENA PERNAMBUCO',5),
(7,'ESTADIO BEIRA-RIO',8),
(8,'ESTADIO CASTELAO',14),
(9,'ESTADIO DAS DUNAS',11),
(10,'ESTADIO MINEIRAO',21),
(11,'ESTADIO NACIONAL',19),
(12,'ESTADIO DE MARACANÁ',3),
(13,'LUZHNIKI',22),
(14,'OTKRYTIE ARENA',22),
(15,'KRESTOVSKI ARENA',23),
(16,'KAZAN ARENA',24),
(17,'FISHT STADIUM',25),
(18,'VOLGOGRADO ARENA',26),
(19,'NIZHNI NÓVGOROD STADIUM',27),
(20,'ROSTOV ARENA',28),
(21,'SAMARA ARENA',29),
(22,'MORDOVIA ARENA',30),
(23,'EKATERINBURGO ARENA',31),
(24,'BALTIKA ARENA',32),
(25,'ESTADIO SOCCER CITY',13),
(26,'ESTADIO GREEN POINT',18),
(27,'ESTADIO MOSES MABHIDA',15),
(28,'ESTADIO ELLIS PARK',13),
(29,'ESTADIO LOFTUS VERSFELD',7),
(30,'ESTADIO NELSON MANDELA BAY',6),
(31,'ESTADIO PETER MOKABA',9),
(32,'ESTADIO MBOMBELA',10),
(33,'ESTADIO FREE STATE',20),
(34,'ESTADIO ROYAL BAFOKENG',4); /*OK*/



INSERT INTO ES_SEDE_DE(ANIO,ID_PAIS)
VALUES
(2010, 149),
(2014, 26),
(2018,152); /*OK*/



INSERT INTO INSTANCIA( 
ID_INSTANCIA,
DESCRIPCION)
VALUES
(1,'FASE GRUPO'),
(2,'OCTAVOS DE FINAL'),
(3,'CUARTOS DE FINAL'),
(4,'SEMIFINAL'),
(5,'TERCER LUGAR'),
(6,'FINAL'); /*OK*/



SET DATEFORMAT MDY

INSERT INTO JUGADOR 
(ID_JUGADOR, NOMBRE_JUG, APELLIDO_JUG, FECHA_DE_NAC) 
VALUES 
(1, 'LOUNES', 'GAOUAOUI', '9/28/1977'), 
(2, 'MADJID', 'BOUGHERRA', '7/10/1982'), 
(3, 'NADIR', 'BELHADJ', '6/18/1982'), 
(4, 'ANTHER', 'YAHIA', '3/21/1982'), 
(5, 'RAFIK', 'HALLICHE', '2/9/1986'), 
(6, 'YAZID', 'MANSOURI', '2/25/1978'), 
(7, 'RYAD', 'BOUDEBOUZ', '2/19/1990'), 
(8, 'MEDHI', 'LACEN', '3/15/1984'), 
(9, 'ABDELKADER', 'GHEZZAL', '5/12/1984'), 
(10, 'RAFIK', 'SAIFI', '7/2/1975'), 
(11, 'RAFIK', 'DJEBBOUR', '8/3/1984'), 
(12, 'HABIB', 'BELLAID', '3/28/1986'), 
(13, 'KARIM', 'MATMOUR', '6/25/1985'), 
(14, 'ABDELKADER', 'LAIFAOUI', '7/29/1981'), 
(15, 'KARIM', 'ZIANI', '8/17/1982'), 
(16, 'FAOUZI', 'CHAOUCHI', '5/12/1984'), 
(17, 'ADLANE', 'GUEDIOURA', '12/11/1985'), 
(18, 'CARL', 'MEDJANI', '5/15/1985'), 
(19, 'HASSAN', 'YEBDA', '5/14/1984'), 
(20, 'DJAMEL', 'MESBAH', '9/10/1984'), 
(21, 'FOUED', 'KADIR', '5/12/1983'), 
(22, 'DJAMAL', 'ABDOUN', '2/14/1986'), 
(23, 'RAIS', 'MBOLHI', '4/25/1986'), 
(24, 'DIEGO', 'POZO', '2/16/1978'), 
(25, 'MARTIN', 'DEMICHELIS', '12/20/1980'), 
(26, 'CLEMENTE', 'RODRIGUEZ', '7/31/1981'), 
(27, 'NICOLAS', 'BURDISSO', '12/4/1981'), 
(28, 'MARIO', 'BOLATTI', '2/17/1985'), 
(29, 'GABRIEL', 'HEINZE', '4/19/1978'), 
(30, 'ANGEL', 'DI MARIA', '2/14/1988'), 
(31, 'JUAN', 'VERON', '9/3/1975'), 
(32, 'GONZALO', 'HIGUAIN', '10/12/1987'), 
(33, 'LIONEL', 'MESSI', '6/24/1987'), 
(34, 'CARLOS', 'TEVEZ', '5/2/1984'), 
(35, 'ARIEL', 'GARCE', '7/14/1979'), 
(36, 'WALTER', 'SAMUEL', '3/23/1978'), 
(37, 'JAVIER', 'MASCHERANO', '8/6/1984'), 
(38, 'NICOLAS', 'OTAMENDI', '12/2/1988'), 
(39, 'SERGIO', 'AGUERO', '2/6/1988'), 
(40, 'JONAS', 'GUTIERREZ', '5/7/1983'), 
(41, 'MARTIN', 'PALERMO', '7/11/1973'), 
(42, 'DIEGO', 'MILITO', '12/6/1979'), 
(43, 'MAXI', 'RODRIGUEZ', '2/1/1981'), 
(44, 'MARIANO', 'ANDUJAR', '7/30/1983'), 
(45, 'SERGIO', 'ROMERO', '2/22/1987'), 
(46, 'JAVIER', 'PASTORE', '6/20/1989'), 
(47, 'MARK', 'SCHWARZER', '6/10/1972'), 
(48, 'LUCAS', 'NEILL', '9/3/1978'), 
(49, 'CRAIG', 'MOORE', '12/12/1975'), 
(50, 'TIM', 'CAHILL', '6/12/1979'), 
(51, 'JASON', 'CULINA', '5/8/1980'), 
(52, 'MICHAEL', 'BEAUCHAMP', '8/3/1981'), 
(53, 'BRETT', 'EMERTON', '2/22/1979'), 
(54, 'LUKE', 'WILKSHIRE', '2/10/1981'), 
(55, 'JOSHUA', 'KENNEDY', '8/20/1982'), 
(56, 'HARRY', 'KEWELL', '9/22/1978'), 
(57, 'SCOTT', 'CHIPPERFIELD', '12/30/1975'), 
(58, 'ADAM', 'FEDERICI', '1/31/1985'), 
(59, 'VINCE', 'GRELLA', '5/10/1979'), 
(60, 'BRETT', 'HOLMAN', '3/27/1984'), 
(61, 'MILE', 'JEDINAK', '3/8/1984'), 
(62, 'CARL', 'VALERI', '8/14/1984'), 
(63, 'NIKITA', 'RUKAVYTSYA', '6/22/1987'), 
(64, 'BRAD', 'JONES', '3/19/1982'), 
(65, 'RICHARD', 'GARCIA', '4/9/1981'), 
(66, 'MARK', 'MILLIGAN', '4/8/1985'), 
(67, 'DAVID', 'CARNEY', '11/30/1983'), 
(68, 'DARIO', 'VIDOSIC', '8/4/1987'), 
(69, 'MARCO', 'BRESCIANO', '11/2/1980'), 
(70, 'JULIO CESAR', 'SOARES DE ESPINDOLA', '3/9/1979'), 
(71, 'MAICON', 'SISENANDO', '7/26/1981'), 
(72, 'LUCIO', 'DA SILVA FERREIRA', '8/5/1978'), 
(73, 'JUAN', 'SILVEIRA DOS SANTOS', '1/2/1979'), 
(74, 'FELIPE', 'MELO DE CHARVALHO', '6/26/1983'), 
(75, 'MICHEL', 'BASTOS', '2/8/1983'), 
(76, 'ELANO', 'BLUMER', '6/14/1981'), 
(77, 'GILBERTO', 'DA SILVA', '7/10/1976'), 
(78, 'LUIS', 'CLEMENTE', '8/11/1980'), 
(79, 'KAKA', 'IZECSON DOS SANTOS LEITE', '4/22/1982'), 
(80, 'ROBINHO', 'DE SOUZA', '1/25/1984'), 
(81, 'GOMES', 'GOMEZ DA SILVA', '2/15/1981'), 
(82, 'DANI', 'DA SILVA ALVES', '6/5/1983'), 
(83, 'LUISAO', 'DA SILVA', '2/13/1981'), 
(84, 'THIAGO', 'DA SILVA', '9/22/1984'), 
(85, 'GILBERTO', 'DA SILVA MELO', '4/25/1976'), 
(86, 'JOSUE', 'DE OLIVERA', '7/19/1979'), 
(87, 'RAMIRES', 'SANTOS DO NASCIMENTO', '3/24/1987'), 
(88, 'JULIO', 'BAPTISTA', '1/10/1981'), 
(89, 'KLEBERSON', 'PEREIRA', '6/19/1979'), 
(90, 'NILMAR', 'DA SILVA', '7/14/1984'), 
(91, 'DONIEBER', 'MARANGON', '10/22/1979'), 
(92, 'GRAFITE', 'LIBANIO BATISTA', '2/4/1979'), 
(93, 'IDRISS', 'KAMENI', '2/18/1984'), 
(94, 'BENOIT', 'ASSOU EKOTTO', '3/24/1984'), 
(95, 'NICOLAS', 'NKOULOU', '3/27/1990'), 
(96, 'RIGOBERT', 'SONG', '1/7/1976'), 
(97, 'SEBASTIEN', 'BASSONG', '9/7/1986'), 
(98, 'ALEXANDRE', 'SONG', '9/9/1987'), 
(99, 'LANDRY', 'NGUEMO', '11/28/1985'), 
(100, 'GEREMI', 'NJITAP', '12/20/1978'), 
(101, 'SAMUEL', 'ETOO', '10/3/1981'), 
(102, 'ACHILLE', 'EMANA', '5/6/1982'), 
(103, 'JEAN', 'MAKOUN', '5/29/1983'), 
(104, 'GAETAN', 'BONG', '4/25/1988'), 
(105, 'ERIC', 'CHOUPO MOTING', '3/23/1989'), 
(106, 'AURELIEN', 'CHEDJOU', '6/20/1985'), 
(107, 'PIERRE', 'WEBO', '1/20/1982'), 
(108, 'SOULEYMANOU', 'HAMIDOU', '11/22/1973'), 
(109, 'MOHAMADOU', 'IDRISSOU', '8/3/1980'), 
(110, 'EYONG', 'ENOH', '3/23/1986'), 
(111, 'STEPHANE', 'MBIA', '5/20/1986'), 
(112, 'GEORGES', 'MANDJECK', '9/12/1988'), 
(113, 'JOEL', 'MATIP', '8/8/1991'), 
(114, 'GUY', 'NDY', '2/28/1986'), 
(115, 'VINCENT', 'ABOUBAKAR', '1/22/1992'), 
(116, 'CLAUDIO', 'BRAVO', '4/13/1983'), 
(117, 'ISMAEL', 'FUENTES', '4/8/1981'), 
(118, 'WALDO', 'PONCE', '4/12/1982'), 
(119, 'MAURICIO', 'ISLA', '12/6/1988'), 
(120, 'PABLO', 'CONTRERAS', '11/9/1978'), 
(121, 'CARLOS', 'CARMONA', '2/21/1987'), 
(122, 'ALEXIS', 'SANCHEZ', '12/19/1988'), 
(123, 'ARTURO', 'VIDAL', '5/22/1987'), 
(124, 'HUMBERTO', 'SUAZO', '10/5/1981'), 
(125, 'JORGE', 'VALDIVIA', '10/19/1983'), 
(126, 'MARK', 'GONZALEZ', '10/7/1984'), 
(127, 'MIGUEL', 'PINTO', '4/7/1983'), 
(128, 'MARCO', 'ESTRADA', '5/28/1983'), 
(129, 'MATIAS', 'FERNANDEZ', '5/15/1986'), 
(130, 'JEAN', 'BEAUSEJOUR', '1/6/1984'), 
(131, 'FABIAN', 'ORELLANA', '1/27/1986'), 
(132, 'GARY', 'MEDEL', '3/8/1987'), 
(133, 'GONZALO', 'JARA', '8/29/1985'), 
(134, 'GONZALO', 'FIERRO', '3/21/1983'), 
(135, 'RODRIGO', 'MILLAR', '3/11/1981'), 
(136, 'RODRIGO', 'TELLO', '10/14/1979'), 
(137, 'ESTEBAN', 'PAREDES', '1/8/1980'), 
(138, 'LUIS', 'MARIN', '5/18/1983'), 
(139, 'BOUBACAR', 'BARRY', '12/30/1979'), 
(140, 'BROU', 'ANGOUA', '11/28/1986'), 
(141, 'ARTHUR', 'BOKA', '2/4/1983'), 
(142, 'KOLO', 'TOURE', '3/19/1981'), 
(143, 'DIDIER', 'ZOKORA', '12/14/1980'), 
(144, 'STEVE', 'GOHOURI', '8/2/1981'), 
(145, 'SEYDOU', 'DOUMBIA', '12/31/1987'), 
(146, 'SALOMON', 'KALOU', '5/8/1985'), 
(147, 'ISMAEL', 'TIOTE', '6/21/1986'), 
(148, 'GERVINHO', 'YAO', '5/27/1987'), 
(149, 'DIDIER', 'DROGBA', '11/3/1978'), 
(150, 'JEAN JACQUES', 'GOSSO', '3/15/1983'), 
(151, 'ROMARIC', 'N DRI', '4/6/1983'), 
(152, 'EMMANUEL', 'KONE', '12/31/1986'), 
(153, 'ARUNA', 'DINDANE', '11/26/1980'), 
(154, 'ARISTIDE', 'ZOGBO', '12/30/1981'), 
(155, 'SIAKA', 'TIENE', '2/22/1982'), 
(156, 'KADER', 'KEITA', '6/8/1981'), 
(157, 'YAYA', 'TOURE', '5/13/1983'), 
(158, 'GUY', 'DEMEL', '6/13/1981'), 
(159, 'EMMANUEL', 'EBOUE', '4/6/1983'), 
(160, 'SOULEYMANE', 'BAMBA', '1/13/1985'), 
(161, 'DANIEL', 'YEBOAH', '11/13/1984'), 
(162, 'THOMAS', 'SORENSEN', '12/6/1976'), 
(163, 'CHRISTIAN', 'POULSEN', '2/28/1980'), 
(164, 'SIMON', 'KJAER', '3/26/1989'), 
(165, 'DANIEL', 'AGGER', '12/12/1984'), 
(166, 'WILLIAM', 'KVIST', '2/24/1985'), 
(167, 'LARS', 'JACOBSEN', '9/20/1979'), 
(168, 'DANIEL', 'JENSEN', '6/25/1979'), 
(169, 'JESPER', 'GRONKJAER', '12/8/1977'), 
(170, 'JON', 'DAHL', '8/29/1976'), 
(171, 'MARTIN', 'JORGENSEN', '6/10/1976'), 
(172, 'NICKLAS', 'BENDTNER', '1/16/1988'), 
(173, 'THOMAS', 'KAHLENBERG', '3/20/1983'), 
(174, 'PER', 'KROLDRUP', '7/31/1979'), 
(175, 'JAKOB', 'POULSEN', '7/7/1983'), 
(176, 'SIMON', 'POULSEN', '7/4/1984'), 
(177, 'STEPHAN', 'ANDERSEN', '11/26/1981'), 
(178, 'MIKKEL', 'BECKMANN', '10/24/1983'), 
(179, 'SOREN', 'LARSEN', '6/9/1981'), 
(180, 'DENNIS', 'ROMMEDAHL', '7/22/1978'), 
(181, 'THOMAS', 'ENEVOLDSEN', '7/27/1987'), 
(182, 'CHRISTIAN', 'ERIKSEN', '2/14/1992'), 
(183, 'JESPER', 'CHRISTIANSEN', '4/24/1978'), 
(184, 'PATRICK', 'MTILIGA', '1/28/1981'), 
(185, 'DAVID', 'JAMES', '1/8/1970'), 
(186, 'GLEN', 'JOHNSON', '8/23/1984'), 
(187, 'ASHLEY', 'COLE', '12/20/1980'), 
(188, 'STEVEN', 'GERRARD', '5/30/1980'), 
(189, 'RIO', 'FERDINAND', '7/11/1978'), 
(190, 'JOHN', 'TERRY', '7/12/1980'), 
(191, 'AARON', 'LENNON', '4/16/1987'), 
(192, 'FRANK', 'LAMPARD', '6/20/1978'), 
(193, 'PETER', 'CROUCH', '1/30/1981'), 
(194, 'WAYNE', 'ROONEY', '10/24/1985'), 
(195, 'JOE', 'COLE', '8/11/1981'), 
(196, 'ROBERT', 'GREEN', '1/18/1980'), 
(197, 'STEPHEN', 'WARNOCK', '12/12/1981'), 
(198, 'GARETH', 'BARRY', '2/23/1981'), 
(199, 'MATT', 'UPSON', '4/18/1979'), 
(200, 'JAMES', 'MILNER', '4/1/1986'), 
(201, 'SHAUN', 'WRIGHT PHILLIPS', '10/25/1981'), 
(202, 'JAMIE', 'CARRAGHER', '1/28/1978'), 
(203, 'JERMAIN', 'DEFOE', '7/10/1982'), 
(204, 'LEDLEY', 'KING', '12/10/1980'), 
(205, 'EMILE', 'HESKEY', '11/1/1978'), 
(206, 'MICHAEL', 'CARRICK', '7/28/1981'), 
(207, 'JOE', 'HART', '4/19/1987'), 
(208, 'HUGO', 'LLORIS', '12/26/1986'), 
(209, 'BAKARI', 'SAGNA', '2/14/1983'), 
(210, 'ERIC', 'ABIDAL', '11/9/1979'), 
(211, 'ANTHONY', 'REVEILLERE', '10/11/1979'), 
(212, 'WILLIAM', 'GALLAS', '8/17/1977'), 
(213, 'MARC', 'PLANUS', '7/3/1982'), 
(214, 'FRANCK', 'RIBERY', '7/4/1983'), 
(215, 'YOANN', 'GOURCUFF', '11/7/1986'), 
(216, 'DJIBRIL', 'CISSE', '12/8/1981'), 
(217, 'SIDNEY', 'GOVOU', '7/27/1979'), 
(218, 'ANDRE', 'GIGNAC', '5/12/1985'), 
(219, 'THIERRY', 'HENRY', '8/17/1977'), 
(220, 'PATRICE', 'EVRA', '5/15/1981'), 
(221, 'JEREMY', 'TOULALAN', '10/9/1983'), 
(222, 'FLORENT', 'MALOUDA', '6/13/1980'), 
(223, 'STEVE', 'MANDANDA', '3/28/1985'), 
(224, 'SEBASTIEN', 'SQUILLACI', '11/8/1980'), 
(225, 'ALOU', 'DIARRA', '7/15/1981'), 
(226, 'ABOU', 'DIABY', '11/5/1986'), 
(227, 'MATHIEU', 'VALBUENA', '9/28/1984'), 
(228, 'NICOLAS', 'ANELKA', '3/14/1979'), 
(229, 'GAEL', 'CLICHY', '7/26/1985'), 
(230, 'CEDRIC', 'CARRASSO', '12/30/1981'), 
(231, 'MANUEL', 'NEUER', '3/27/1986'), 
(232, 'MARCELL', 'JANSEN', '4/11/1985'), 
(233, 'ARNE', 'FRIEDRICH', '5/29/1979'), 
(234, 'DENNIS', 'AOGO', '1/14/1987'), 
(235, 'SERDAR', 'TASCI', '4/24/1987'), 
(236, 'SAMI', 'KHEDIRA', '4/4/1987'), 
(237, 'BASTIAN', 'SCHWEINSTEIGER', '1/8/1984'), 
(238, 'MESUT', 'OEZIL', '10/15/1988'), 
(239, 'STEFAN', 'KIESSLING', '1/25/1984'), 
(240, 'LUKAS', 'PODOLSKI', '4/6/1985'), 
(241, 'MIROSLAV', 'KLOSE', '9/6/1978'), 
(242, 'TIM', 'WIESE', '12/17/1981'), 
(243, 'THOMAS', 'MUELLER', '9/13/1989'), 
(244, 'HOLGER', 'BADSTUBER', '3/13/1989'), 
(245, 'PIOTR', 'TROCHOWSKI', '3/22/1984'), 
(246, 'PHILIPP', 'LAHM', '11/11/1983'), 
(247, 'PER', 'MERTESACKER', '9/29/1984'), 
(248, 'TONI', 'KROOS', '4/1/1990'), 
(249, 'CACAU', 'BARRETO', '3/27/1981'), 
(250, 'JEROME', 'BOATENG', '3/9/1988'), 
(251, 'MARKO', 'MARIN', '3/13/1989'), 
(252, 'HANS JEORG', 'BUTT', '5/28/1974'), 
(253, 'MARIO', 'GOMEZ', '10/7/1985'), 
(254, 'DANIEL', 'AGYEI', '10/11/1989'), 
(255, 'HANS', 'SARPEI', '6/28/1976'), 
(256, 'ASAMOAH', 'GYAN', '11/22/1985'), 
(257, 'JOHN', 'PANTSIL', '6/15/1981'), 
(258, 'JOHN', 'MENSAH', '11/29/1982'), 
(259, 'ANTHONY', 'ANNAN', '7/21/1986'), 
(260, 'SAMUEL', 'INKOOM', '1/6/1989'), 
(261, 'JONATHAN', 'MENSAH', '7/13/1990'), 
(262, 'DEREK', 'BOATENG', '2/5/1983'), 
(263, 'STEPHEN', 'APPIAH', '12/24/1980'), 
(264, 'SULLEY', 'MUNTARI', '8/27/1984'), 
(265, 'PRINCE', 'TAGOE', '9/11/1986'), 
(266, 'ANDRE', 'AYEW', '12/17/1989'), 
(267, 'MATTHEW', 'AMOAH', '10/24/1980'), 
(268, 'ISAAC', 'VORSAH', '6/21/1988'), 
(269, 'STEPHEN', 'AHORLU', '5/9/1988'), 
(270, 'IBRAHIM', 'AYEW', '4/16/1988'), 
(271, 'DOMINIC', 'ADIYIAH', '11/29/1989'), 
(272, 'LEE', 'ADDY', '9/26/1985'), 
(273, 'QUINCY', 'OWUSU ABEYIE', '4/15/1986'), 
(274, 'KWADWO', 'ASAMOAH', '9/12/1988'), 
(275, 'RICHARD', 'KINGSON', '6/13/1978'), 
(276, 'KEVIN', 'BOATENG', '6/3/1987'), 
(277, 'KONSTANTINOS', 'CHALKIAS', '5/30/1974'), 
(278, 'GIOURKAS', 'SEITARIDIS', '4/6/1981'), 
(279, 'CHRISTOS', 'PATSATZOGLOU', '3/19/1979'), 
(280, 'NIKOS', 'SPIROPOULOS', '10/10/1983'), 
(281, 'VANGELIS', 'MORAS', '8/26/1981'), 
(282, 'ALEXANDROS', 'TZIOLIS', '2/13/1985'), 
(283, 'GEORGIOS', 'SAMARAS', '2/21/1985'), 
(284, 'AVRAAM', 'PAPADOPOULOS', '3/12/1984'), 
(285, 'ANGELOS', 'CHARISTEAS', '9/2/1980'), 
(286, 'GEORGIOS', 'KARAGOUNIS', '6/3/1977'), 
(287, 'LOUKAS', 'VYNTRA', '5/2/1981'), 
(288, 'ALEXANDROS', 'TZORVAS', '12/8/1982'), 
(289, 'MICHAIL', 'SIFAKIS', '9/9/1984'), 
(290, 'DIMITRIOS', 'SALPINGIDIS', '8/18/1981'), 
(291, 'VASILEIOS', 'TOROSIDIS', '10/6/1985'), 
(292, 'SOTIRIOS', 'KYRGIAKOS', '7/23/1979'), 
(293, 'THEOFANIS', 'GEKAS', '5/23/1980'), 
(294, 'SOTIRIS', 'NINIS', '3/4/1990'), 
(295, 'SOKRATIS', 'PAPASTATHOPOULOS', '9/6/1988'), 
(296, 'PANTELIS', 'KAPETANOS', '8/6/1983'), 
(297, 'KONSTANTINOS', 'KATSOURANIS', '6/21/1979'), 
(298, 'STELIOS', 'MALEZAS', '11/3/1985'), 
(299, 'ATHANASIOS', 'PRITTAS', '9/1/1979'), 
(300, 'RICARDO', 'CANALES', '5/30/1982'), 
(301, 'OSMAN', 'CHAVEZ', '7/29/1984'), 
(302, 'MAYNOR', 'FIGUEROA', '2/5/1983'), 
(303, 'JHONY', 'PALACIOS', '12/20/1986'), 
(304, 'VICTOR', 'BERNARDEZ', '5/24/1982'), 
(305, 'HENDRY', 'THOMAS', '2/23/1985'), 
(306, 'RAMON', 'NUNEZ', '11/14/1985'), 
(307, 'WILSON', 'PALACIOS', '7/29/1984'), 
(308, 'CARLOS', 'PAVON', '9/10/1973'), 
(309, 'JULIO CESAR', 'DE LEON', '9/13/1979'), 
(310, 'DAVID', 'SUAZO', '5/11/1979'), 
(311, 'GEORGE', 'WELCOME', '9/3/1985'), 
(312, 'ROGER', 'ESPINOZA', '10/25/1986'), 
(313, 'OSCAR', 'GARCIA', '4/9/1984'), 
(314, 'WALTER', 'MARTINEZ', '3/24/1982'), 
(315, 'MAURICIO', 'SABILLON', '11/11/1978'), 
(316, 'EDGAR', 'ALVAREZ', '1/18/1980'), 
(317, 'NOEL', 'VALLADARES', '3/5/1977'), 
(318, 'DANILO', 'TURCIOS', '8/5/1978'), 
(319, 'AMADO', 'GUEVARA', '2/5/1976'), 
(320, 'EMILIO', 'IZAGUIRRE', '10/5/1986'), 
(321, 'DONIS', 'ESCOBER', '3/2/1981'), 
(322, 'SERGIO', 'MENDOZA', '5/23/1981'), 
(323, 'GIANLUIGI', 'BUFFON', '1/28/1978'), 
(324, 'CHRISTIAN', 'MAGGIO', '11/2/1982'), 
(325, 'DOMENICO', 'CRISCITO', '12/30/1986'), 
(326, 'GIORGIO', 'CHIELLINI', '8/14/1984'), 
(327, 'FABIO', 'CANNAVARO', '9/13/1973'), 
(328, 'DANIELE', 'DE ROSI', '7/24/1983'), 
(329, 'SIMONE', 'PEPE', '8/30/1983'), 
(330, 'GENNARO', 'GATTUSO', '9/1/1978'), 
(331, 'VINCENZO', 'IAQUINTA', '11/21/1979'), 
(332, 'ANTONIO', 'DI NATALE', '10/13/1977'), 
(333, 'ALBERTO', 'GILARDINO', '5/7/1982'), 
(334, 'FEDERICO', 'MARCHETTI', '7/2/1983'), 
(335, 'SALVATORE', 'BOCCHETTI', '11/30/1986'), 
(336, 'MORGAN', 'DE SANCTIS', '3/26/1977'), 
(337, 'CLAUDIO', 'MARCHISIO', '1/19/1986'), 
(338, 'MAURO', 'CAMORANESI', '4/10/1976'), 
(339, 'ANGELO', 'PALOMBO', '9/25/1981'), 
(340, 'FABIO', 'QUAGLIARELLA', '1/31/1983'), 
(341, 'GIANLUCA', 'ZAMBROTTA', '2/19/1977'), 
(342, 'GIAMPAOLO', 'PAZZINI', '2/8/1984'), 
(343, 'ANDREA', 'PIRLO', '5/19/1979'), 
(344, 'RICCARDO', 'MONTOLIVO', '1/18/1985'), 
(345, 'LEONARDO', 'BONUCCI', '1/5/1987'), 
(346, 'SEIGO', 'NARAZAKI', '4/15/1976'), 
(347, 'YUKI', 'ABE', '6/9/1981'), 
(348, 'YUICHI', 'KOMANO', '7/25/1981'), 
(349, 'MARCUS', 'TULIO', '4/24/1981'), 
(350, 'YUTO', 'NAGATOMO', '12/9/1986'), 
(351, 'ATSUTO', 'UCHIDA', '3/27/1988'), 
(352, 'YASUHITO', 'ENDO', '1/28/1980'), 
(353, 'DAISUKE', 'MATSUI', '11/5/1981'), 
(354, 'SHINJI', 'OKAZAKI', '4/16/1986'), 
(355, 'SHUNSUKE', 'NAKAMURA', '6/24/1978'), 
(356, 'KEIJI', 'TAMADA', '11/4/1980'), 
(357, 'KISHO', 'YANO', '5/4/1984'), 
(358, 'DAIKI', 'IWAMASA', '1/30/1982'), 
(359, 'KENGO', 'NAKAMURA', '10/31/1980'), 
(360, 'YASUYUKI', 'KONNO', '1/25/1983'), 
(361, 'YOSHITO', 'OKUBO', '9/6/1982'), 
(362, 'MAKOTO', 'HASEBE', '1/18/1984'), 
(363, 'KEISUKE', 'HONDA', '6/13/1986'), 
(364, 'TAKAYUKI', 'MORIMOTO', '7/5/1988'), 
(365, 'JUNICHI', 'INAMOTO', '9/18/1979'), 
(366, 'EIJI', 'KAWASHIMA', '3/20/1983'), 
(367, 'YUJI', 'NAKAZAWA', '2/25/1978'), 
(368, 'YOSHIKATSU', 'KAWAGUCHI', '8/15/1975'), 
(369, 'MYONG GUK', 'RI', '9/9/1986'), 
(370, 'JONG HYOK', 'CHA', '9/25/1985'), 
(371, 'JUN IL', 'RI', '8/24/1987'), 
(372, 'NAM CHOL', 'PAK', '2/7/1985'), 
(373, 'KWANG CHON', 'RI', '4/9/1985'), 
(374, 'KUM IL', 'KIM', '10/10/1987'), 
(375, 'CHOL HYOK', 'AN', '6/27/1987'), 
(376, 'YUN NAM', 'JI', '11/20/1976'), 
(377, 'TAE SE', 'JONG', '2/3/1984'), 
(378, 'YONG JO', 'HONG', '5/22/1982'), 
(379, 'IN GUK', 'MUN', '9/29/1978'), 
(380, 'KUM CHOL', 'CHOE', '9/2/1987'), 
(381, 'CHOL JIN', 'PAK', '5/9/1985'), 
(382, 'NAM CHOL', 'PAK', '3/10/1988'), 
(383, 'YONG JUN', 'KIM', '7/19/1983'), 
(384, 'SONG CHOL', 'NAM', '7/5/1982'), 
(385, 'YONG HAK', 'AN', '10/25/1978'), 
(386, 'MYONG GIL', 'KIM', '10/16/1984'), 
(387, 'CHOL MYUNG', 'RI', '2/18/1988'), 
(388, 'MYONG WON', 'KIM', '7/15/1983'), 
(389, 'KWANG HYOK', 'RI', '8/17/1987'), 
(390, 'KYONG IL', 'KIM', '11/12/1988'), 
(391, 'SUNG HYOK', 'PAK', '5/30/1990'), 
(392, 'WOON JAE', 'LEE', '4/26/1973'), 
(393, 'BEOM SEOK', 'OH', '7/29/1984'), 
(394, 'HYUNG IL', 'KIM', '4/27/1984'), 
(395, 'YONG HYUNG', 'CHO', '3/11/1983'), 
(396, 'NAM IL', 'KIM', '3/14/1977'), 
(397, 'BO KYUNG', 'KIM', '6/10/1989'), 
(398, 'JI SUNG', 'PARK', '2/25/1981'), 
(399, 'JUNG WOO', 'KIM', '9/5/1982'), 
(400, 'JUNG HWAN', 'AHN', '1/27/1976'), 
(401, 'CHU YOUNG', 'PARK', '10/7/1985'), 
(402, 'SEUNG YEOUL', 'LEE', '6/3/1989'), 
(403, 'YOUNG PYO', 'LEE', '4/23/1977'), 
(404, 'JAE SUNG', 'KIM', '3/10/1983'), 
(405, 'JUNG SOO', 'LEE', '8/1/1980'), 
(406, 'DONG JIN', 'KIM', '1/29/1982'), 
(407, 'SUNG', 'KI', '1/24/1989'), 
(408, 'CHUNG YONG', 'LEE', '2/7/1988'), 
(409, 'SUNG RYONG', 'JUNG', '4/1/1985'), 
(410, 'KI HUN', 'YEOM', '3/30/1983'), 
(411, 'DONG GOOK', 'LEE', '4/29/1979'), 
(412, 'YOUNG KWANG', 'KIM', '6/28/1983'), 
(413, 'DU RI', 'CHA', '7/25/1980'), 
(414, 'MIN SOO', 'KANG', '2/14/1986'), 
(415, 'OSCAR', 'PEREZ', '1/2/1973'), 
(416, 'FRANCISCO', 'RODRIGUEZ', '10/20/1981'), 
(417, 'CARLOS', 'SALCIDO', '2/4/1980'), 
(418, 'RAFAEL', 'MARQUEZ', '2/13/1979'), 
(419, 'RICARDO', 'OSORIO', '3/30/1980'), 
(420, 'GERARDO', 'TORRADO', '4/30/1979'), 
(421, 'PABLO', 'BARRERA', '6/21/1987'), 
(422, 'ISRAEL', 'CASTRO', '12/20/1980'), 
(423, 'GUILLERMO', 'FRANCO', '3/11/1976'), 
(424, 'CUAUHTEMOC', 'BLANCO', '1/17/1973'), 
(425, 'CARLOS', 'VELA', '1/3/1989'), 
(426, 'PAUL', 'AGUILAR', '6/3/1986'), 
(427, 'GUILLERMO', 'OCHOA', '7/13/1985'), 
(428, 'JAVIER', 'HERNANDEZ', '1/6/1988'), 
(429, 'HECTOR', 'MORENO', '1/17/1988'), 
(430, 'EFRAIN', 'JUAREZ', '2/22/1988'), 
(431, 'GIOVANI', 'DOS SANTOS', '11/5/1989'), 
(432, 'ANDRES', 'GUARDADO', '9/28/1986'), 
(433, 'JONNY', 'MAGALLON', '11/21/1981'), 
(434, 'JORGE', 'TORRES', '1/16/1988'), 
(435, 'ADOLFO', 'BAUTISTA', '5/15/1979'), 
(436, 'ALBERTO', 'MEDINA', '5/29/1983'), 
(437, 'LUIS', 'MICHEL', '7/21/1979'), 
(438, 'MAARTEN', 'STEKELENBURG', '9/22/1982'), 
(439, 'GREGORY', 'VAN DER', '3/2/1988'), 
(440, 'JOHN', 'HEITINGA', '11/15/1983'), 
(441, 'JORIS', 'MATHIJSEN', '5/4/1980'), 
(442, 'GIOVANNI', 'VAN BRONCKHORST', '5/2/1975'), 
(443, 'MARK', 'VAN BONNEL', '4/22/1977'), 
(444, 'DIRK', 'KUYT', '7/22/1980'), 
(445, 'NIGEL', 'DE JONG', '11/30/1984'), 
(446, 'ROBIN', 'VAN PERSIE', '6/8/1983'), 
(447, 'WESLEY', 'SNEIJDER', '9/6/1984'), 
(448, 'ARJEN', 'ROBBEN', '1/23/1984'), 
(449, 'KHALID', 'BOULAHROUZ', '12/28/1981'), 
(450, 'ANDRE', 'OOIJER', '11/7/1974'), 
(451, 'DEMY', 'DE ZEEUW', '5/26/1983'), 
(452, 'EDSON', 'BRAAFHEID', '8/4/1983'), 
(453, 'MICHEL', 'VORM', '10/20/1983'), 
(454, 'ELJERO', 'ELIA', '2/13/1987'), 
(455, 'STIJN', 'SCHAARS', '11/1/1984'), 
(456, 'RYAN', 'BABEL', '12/19/1986'), 
(457, 'IBRAHIM', 'AFELLAY', '2/4/1986'), 
(458, 'KLAAS JAN', 'HUNTELAAR', '12/8/1983'), 
(459, 'SANDER', 'BOSCHKER', '10/20/1970'), 
(460, 'RAFAEL', 'VAN DER VAART', '11/2/1983'), 
(461, 'MARK', 'PASTON', '12/13/1976'), 
(462, 'BEN', 'SIGMUND', '3/2/1981'), 
(463, 'TONY', 'LOCHHEAD', '12/1/1982'), 
(464, 'WINSTON', 'REID', '3/7/1988'), 
(465, 'IVAN', 'VICELICH', '3/9/1976'), 
(466, 'RYAN', 'NELSEN', '10/18/1977'), 
(467, 'SIMON', 'ELLIOTT', '10/6/1974'), 
(468, 'TIM', 'BROWN', '6/3/1981'), 
(469, 'SHANE', 'SMELTZ', '9/29/1981'), 
(470, 'CHRIS', 'KILLEN', '8/10/1981'), 
(471, 'LEO', 'BERTOS', '12/20/1981'), 
(472, 'GLEN', 'MOSS', '1/19/1983'), 
(473, 'ANDY', 'BARRON', '12/24/1980'), 
(474, 'RORY', 'FALLON', '3/20/1982'), 
(475, 'MICHAEL', 'MC GLINCHEY', '7/1/1987'), 
(476, 'AARON', 'CLAPHAM', '1/15/1987'), 
(477, 'DAVE', 'MULLIGAN', '3/24/1982'), 
(478, 'ANDY', 'BOYENS', '9/18/1983'), 
(479, 'TOMMY', 'SMITH', '3/31/1990'), 
(480, 'CHRIS', 'WOOD', '7/12/1991'), 
(481, 'JEREMY', 'CHRISTIE', '5/22/1983'), 
(482, 'JEREMY', 'BROCKIE', '7/10/1987'), 
(483, 'JAMES', 'BANNATYNE', '6/30/1975'), 
(484, 'VINCENT', 'ENYEAMA', '8/29/1982'), 
(485, 'JOSEPH', 'YOBO', '6/9/1980'), 
(486, 'TAYE', 'TAIWO', '4/16/1985'), 
(487, 'NWANKWO', 'KANU', '1/8/1976'), 
(488, 'RABIU', 'AFOLABI', '4/18/1980'), 
(489, 'DANNY', 'SHITTU', '2/9/1980'), 
(490, 'JOHN', 'UTAKA', '8/1/1982'),
(491, 'YAKUBU', 'AIYEGBENI', '11/22/1982'), 
(492, 'OBAFEMI', 'MARTINS', '10/28/1984'), 
(493, 'JOHN OBI', 'MIKEL', '4/22/1987'), 
(494, 'PETER', 'ODEMWINGIE', '7/15/1981'), 
(495, 'KALU', 'UCHE', '11/15/1982'), 
(496, 'YUSSUF', 'AYILA', '4/11/1984'), 
(497, 'SANI', 'KAITA', '2/5/1986'), 
(498, 'LUKMAN', 'HARUNA', '4/12/1990'), 
(499, 'AUSTIN', 'EJIDE', '8/4/1984'), 
(500, 'CHIDI', 'ODIAH', '12/17/1983'), 
(501, 'VICTOR', 'OBINNA NSOFOR', '3/25/1987'), 
(502, 'CHINEDU', 'OGBUKE OBASI', '1/6/1986'), 
(503, 'DICKSON', 'ETUHU', '8/6/1982'), 
(504, 'UWA', 'ECHIEJILE', '1/20/1988'), 
(505, 'DELE', 'ADELEYE', '12/25/1988'), 
(506, 'DELE', 'AIYENUGBA', '11/20/1983'), 
(507, 'JUSTO', 'VILLAR', '6/30/1977'), 
(508, 'DARIO', 'VERON', '7/26/1979'), 
(509, 'CLAUDIO', 'MOREL', '2/2/1978'), 
(510, 'DENIS', 'CANIZA', '8/29/1974'), 
(511, 'JULIO CESAR', 'CACERES', '5/10/1979'), 
(512, 'CARLOS', 'BONET', '2/10/1977'), 
(513, 'OSCAR', 'CARDOZO', '5/20/1983'), 
(514, 'EDGAR', 'BARRETO', '7/15/1984'), 
(515, 'ROQUE', 'SANTA CRUZ', '8/16/1981'), 
(516, 'EDGAR', 'BENITEZ', '8/11/1987'), 
(517, 'JONATHAN', 'SANTANA', '10/19/1981'), 
(518, 'DIEGO', 'BARRETO', '7/16/1981'), 
(519, 'ENRIQUE', 'VERA', '10/3/1979'), 
(520, 'PAULO', 'DA SILVA', '1/2/1980'), 
(521, 'VICTOR', 'CACERES', '3/25/1985'), 
(522, 'CRISTIAN', 'RIVEROS', '10/16/1982'), 
(523, 'AURELIANO', 'TORRES', '6/16/1982'), 
(524, 'NELSON', 'VALDEZ HAEDO', '11/28/1983'), 
(525, 'LUCAS', 'BARRIOS', '11/13/1984'), 
(526, 'NESTOR', 'ORTIGOZA', '7/10/1984'), 
(527, 'ANTOLIN', 'ALCARAZ', '7/30/1982'), 
(528, 'ALDO', 'BOBADILLA', '4/20/1976'), 
(529, 'RODOLFO', 'GAMARRA', '10/12/1988'), 
(530, 'EDUARDO', 'REIS', '9/19/1982'), 
(531, 'BRUNO', 'ALVES', '11/27/1981'), 
(532, 'PAULO', 'FERREIRA', '1/18/1979'), 
(533, 'ROLANDO', 'PIRES', '8/31/1985'), 
(534, 'PAULO', 'BARBOSA', '6/27/1980'), 
(535, 'RICARDO', 'CARVALHO', '5/18/1978'), 
(536, 'CRISTIANO', 'RONALDO', '5/2/1985'), 
(537, 'PEDRO', 'MENDES DA SILVA', '2/26/1979'), 
(538, 'LIEDSON', 'DA SILVA', '12/17/1977'), 
(539, 'MIGUEL', 'ALVES GOMES', '7/8/1983'), 
(540, 'SIMAO', 'DE FONSECA', '10/31/1979'), 
(541, 'ALBERTO', 'BASTOS PIMPAREL', '1/5/1982'), 
(542, 'LUIS', 'BRITO GARCIA', '4/1/1980'), 
(543, 'MIGUEL', 'VELOSO PINTO', '11/5/1986'), 
(544, 'LAVERAN', 'LIMA FERREIRA', '2/26/1983'), 
(545, 'RAUL', 'MEIRELES', '3/17/1983'), 
(546, 'LUÍS', 'ALMEIDA DA CUNHA', '11/17/1986'), 
(547, 'HUGO', 'ALMEIDA', '5/23/1984'), 
(548, 'TIAGO', 'CARDOSO MENDES', '2/5/1981'), 
(549, 'DECO', 'DE SOUZA', '8/27/1977'), 
(550, 'RICARDO', 'COSTA MOREIRA', '5/16/1981'), 
(551, 'DANIEL', 'FERNANDES', '9/25/1983'), 
(552, 'FABIO', 'COENTRAO', '11/3/1988'), 
(553, 'VLADIMIR', 'STOJKOVIC', '7/28/1983'), 
(554, 'ANTONIO', 'RUKAVINA', '1/26/1984'), 
(555, 'ALEKSANDAR', 'KOLAROV', '10/11/1985'), 
(556, 'GOJKO', 'KACAR', '1/26/1987'), 
(557, 'NEMANJA', 'VIDIC', '10/21/1981'), 
(558, 'BRANISLAV', 'IVANOVIC', '2/22/1984'), 
(559, 'ZORAN', 'TOSIC', '4/28/1987'), 
(560, 'DANKO', 'LAZOVIC', '5/17/1983'), 
(561, 'MARKO', 'PANTELIC', '9/15/1978'), 
(562, 'DEJAN', 'STANKOVIC', '11/9/1978'), 
(563, 'NENAD', 'MILIJAS', '4/30/1983'), 
(564, 'BOJAN', 'ISAILOVIC', '3/25/1980'), 
(565, 'ALEKSANDAR', 'LUKOVIC', '10/23/1982'), 
(566, 'MILAN', 'JOVANOVIC', '4/18/1981'), 
(567, 'NIKOLA', 'ZIGIC', '9/25/1980'), 
(568, 'IVAN', 'OBRADOVIC', '7/25/1988'), 
(569, 'MILOS', 'KRASIC', '1/11/1984'), 
(570, 'MILOS', 'NINKOVIC', '12/25/1984'), 
(571, 'RADOSAV', 'PETROVIC', '8/3/1989'), 
(572, 'NEVEN', 'SUBOTIC', '10/12/1988'), 
(573, 'DRAGAN', 'MRDJA', '1/23/1984'), 
(574, 'ZDRAVKO', 'KUZMANOVIC', '9/22/1987'), 
(575, 'ANDJELKO', 'DJURICIC', '11/21/1980'), 
(576, 'JAN', 'MUCHA', '5/12/1982'), 
(577, 'PETER', 'PEKARIK', '10/30/1986'), 
(578, 'MARTIN', 'SKRTEL', '12/15/1984'), 
(579, 'MAREK', 'CECH', '1/26/1983'), 
(580, 'RADOSLAV', 'ZABAVNIK', '9/16/1980'), 
(581, 'ZDENKO', 'STRBA', '9/6/1976'), 
(582, 'VLADIMIR', 'WEISS', '11/30/1989'), 
(583, 'JAN', 'KOZAK', '4/22/1980'), 
(584, 'STANISLAV', 'SESTAK', '12/16/1982'), 
(585, 'MAREK', 'SAPARA', '7/31/1982'), 
(586, 'ROBERT', 'VITTEK', '1/4/1982'), 
(587, 'DUSAN', 'PERNIS', '11/28/1984'), 
(588, 'FILIP', 'HOLOSKO', '1/17/1984'), 
(589, 'MARTIN', 'JAKUBKO', '2/26/1980'), 
(590, 'MIROSLAV', 'STOCH', '10/19/1989'), 
(591, 'JAN', 'DURICA', '10/12/1981'), 
(592, 'MAREK', 'HAMSIK', '7/27/1987'), 
(593, 'ERIK', 'JENDRISEK', '10/26/1986'), 
(594, 'JURAJ', 'KUCKA', '2/26/1987'), 
(595, 'KAMIL', 'KOPUNEK', '5/18/1984'), 
(596, 'KORNEL', 'SALATA', '1/24/1985'), 
(597, 'MARTIN', 'PETRAS', '2/11/1979'), 
(598, 'DUSAN', 'KUCIAK', '5/21/1985'), 
(599, 'SAMIR', 'HANDANOVIC', '7/14/1984'), 
(600, 'MISO', 'BRECKO', '1/5/1984'), 
(601, 'ELVEDIN', 'DZINIC', '8/25/1985'), 
(602, 'MARKO', 'SULER', '9/3/1983'), 
(603, 'BOSTJAN', 'CESAR', '9/7/1982'), 
(604, 'BRANKO', 'ILIC', '6/2/1983'), 
(605, 'NEJC', 'PECNIK', '3/1/1986'), 
(606, 'ROBERT', 'KOREN', '9/20/1980'), 
(607, 'ZLATAN', 'LJUBIJANKIC', '12/15/1983'), 
(608, 'VALTER', 'BIRSA', '7/8/1986'), 
(609, 'MILIVOJE', 'NOVAKOVIC', '5/18/1979'), 
(610, 'JASMIN', 'HANDANOVIC', '1/28/1978'), 
(611, 'BOJAN', 'JOKIC', '5/17/1986'), 
(612, 'ZLATKO', 'DEDIC', '5/10/1984'), 
(613, 'RENE', 'KRHIN', '5/21/1990'), 
(614, 'ALEKSANDER', 'SELIGA', '1/2/1980'), 
(615, 'ANDRAZ', 'KIRM', '6/9/1984'), 
(616, 'ALEKSANDAR', 'RADOSAVLJEVIC', '4/25/1979'), 
(617, 'SUAD', 'FILEKOVIC', '9/16/1978'), 
(618, 'ANDREJ', 'KOMAC', '4/12/1979'), 
(619, 'DALIBOR', 'STEVANOVIC', '9/27/1984'), 
(620, 'MATEJ', 'MAVRIC', '1/29/1979'), 
(621, 'TIM', 'MATAVZ', '1/13/1989'), 
(622, 'MONEEB', 'JOSEPHS', '5/19/1980'), 
(623, 'SIBONISO', 'GAXA', '6/4/1984'), 
(624, 'TSEPO', 'MASILELA', '5/5/1985'), 
(625, 'AARON', 'MOKOENA', '11/25/1980'), 
(626, 'ANELE', 'NGCONGCA', '10/20/1987'), 
(627, 'MACBETH', 'SIBAYA', '11/25/1977'), 
(628, 'LANCE', 'DAVIDS', '11/4/1985'), 
(629, 'SIPHIWE', 'TSHABALALA', '9/25/1984'), 
(630, 'KATLEGO', 'MPHELA', '11/29/1984'), 
(631, 'STEVEN', 'PIENAAR', '3/17/1982'), 
(632, 'TEKO', 'MODISE', '12/22/1982'), 
(633, 'RENEILWE', 'LETSHOLONYANE', '9/6/1982'), 
(634, 'KAGISHO', 'DIKGACOI', '11/24/1984'), 
(635, 'MATTHEW', 'BOOTH', '3/14/1977'), 
(636, 'LUCAS', 'THWALA', '10/19/1981'), 
(637, 'ITUMELENG', 'KHUNE', '6/20/1987'), 
(638, 'BERNARD', 'PARKER', '3/16/1986'), 
(639, 'SIYABONGA', 'NOMVETHE', '2/12/1977'), 
(640, 'SURPRISE', 'MORIRI', '3/20/1980'), 
(641, 'BONGANI', 'KHUMALO', '6/1/1987'), 
(642, 'SIYABONGA', 'SANGWENI', '9/29/1981'), 
(643, 'SHU AIB', 'WALTERS', '12/26/1981'), 
(644, 'THANDUYISE', 'KHUBONI', '5/23/1986'), 
(645, 'IKER', 'CASILLAS', '5/20/1981'), 
(646, 'RAUL', 'ALBIOL', '4/9/1985'), 
(647, 'GERARD', 'PIQUE', '2/2/1987'), 
(648, 'CARLOS', 'MARCHENA', '7/31/1979'), 
(649, 'CARLES', 'PUYOL', '4/13/1978'), 
(650, 'ANDRES', 'INIESTA', '11/5/1984'), 
(651, 'DAVID', 'VILLA', '3/12/1981'), 
(652, 'XAVI', 'HERNANDEZ', '1/25/1980'), 
(653, 'FERNANDO', 'TORRES', '3/20/1984'), 
(654, 'CESC', 'FABREGAS', '4/5/1987'), 
(655, 'JOAN', 'CAPDEVILA', '3/2/1978'), 
(656, 'VICTOR', 'VALDES', '1/14/1982'), 
(657, 'JUAN MANUEL', 'MATA', '4/28/1988'), 
(658, 'XABI', 'ALONSO', '11/25/1981'), 
(659, 'SERGIO', 'RAMOS', '3/30/1986'), 
(660, 'SERGIO', 'BUSQUETS', '7/16/1988'), 
(661, 'ALVARO', 'ARBELOA', '1/17/1983'), 
(662, 'PEDRO', 'RODRIGUEZ', '7/28/1987'), 
(663, 'FERNANDO', 'LLORENTE', '2/26/1985'), 
(664, 'JAVIER', 'MARTINEZ', '2/9/1988'), 
(665, 'DAVID', 'SILVA', '8/1/1986'), 
(666, 'JESUS', 'NAVAS', '11/21/1985'), 
(667, 'PEPE', 'REINA', '8/31/1982'), 
(668, 'DIEGO', 'BENAGLIO', '8/9/1983'), 
(669, 'STEPHAN', 'LICHTSTEINER', '1/16/1984'), 
(670, 'LUDOVIC', 'MAGNIN', '4/20/1979'), 
(671, 'PHILIPPE', 'SENDEROS', '2/14/1985'), 
(672, 'STEVE', 'VON BERGEN', '10/6/1983'), 
(673, 'BENJAMIN', 'HUGGEL', '7/7/1977'), 
(674, 'TRANQUILLO', 'BARNETTA', '5/22/1985'), 
(675, 'GOKHAN', 'INLER', '6/27/1984'), 
(676, 'ALEXANDER', 'FREI', '7/15/1979'), 
(677, 'BLAISE', 'NKUFO', '5/25/1975'), 
(678, 'VALON', 'BEHRAMI', '4/19/1985'), 
(679, 'MARCO', 'WOELFLI', '8/22/1982'), 
(680, 'STEPHANE', 'GRICHTING', '3/30/1979'), 
(681, 'MARCO', 'PADALINO', '8/12/1983'), 
(682, 'HAKAN', 'YAKIN', '2/22/1977'), 
(683, 'GELSON', 'FERNANDES', '2/9/1986'), 
(684, 'RETO', 'ZIEGLER', '1/16/1986'), 
(685, 'ALBERT', 'BUNJAKU', '11/29/1983'), 
(686, 'EREN', 'DERDIYOK', '12/6/1988'), 
(687, 'PIRMIN', 'SCHWEGLER', '9/3/1987'), 
(688, 'JOHNNY', 'LEONI', '6/30/1984'), 
(689, 'MARIO', 'EGGIMANN', '1/24/1981'), 
(690, 'XHERDAN', 'SHAQIRI', '10/10/1991'), 
(691, 'FERNANDO', 'MUSLERA', '6/16/1986'), 
(692, 'DIEGO', 'LUGANO', '2/11/1980'), 
(693, 'DIEGO', 'GODIN', '2/16/1986'), 
(694, 'JORGE', 'FUCILE', '11/19/1984'), 
(695, 'WALTER', 'GARGANO', '7/23/1984'), 
(696, 'MAURICIO', 'VICTORINO', '11/10/1982'), 
(697, 'EDINSON', 'CAVANI', '2/14/1987'), 
(698, 'SEBASTIAN', 'EGUREN', '8/1/1981'), 
(699, 'LUIS', 'SUAREZ', '1/24/1987'), 
(700, 'DIEGO', 'FORLAN', '5/19/1979'), 
(701, 'ALVARO', 'PEREIRA', '11/28/1985'), 
(702, 'JUAN', 'CASTILLO', '4/17/1978'), 
(703, 'SEBASTIAN', 'ABREU', '10/17/1976'), 
(704, 'NICOLAS', 'LODEIRO', '3/21/1989'), 
(705, 'DIEGO', 'PEREZ', '5/18/1980'), 
(706, 'MAXIMILIANO', 'PEREIRA', '8/6/1984'), 
(707, 'EGIDIO', 'AREVALO', '1/1/1982'), 
(708, 'IGNACIO', 'GONZALEZ', '5/14/1982'), 
(709, 'ANDRES', 'SCOTTI', '12/14/1975'), 
(710, 'ALVARO', 'FERNANDEZ', '11/10/1985'), 
(711, 'SEBASTIAN', 'FERNANDEZ', '5/23/1985'), 
(712, 'MARTIN', 'CACERES', '7/4/1987'), 
(713, 'MARTIN', 'SILVA', '3/25/1983'), 
(714, 'TIM', 'HOWARD', '6/3/1979'), 
(715, 'JONATHAN', 'SPECTOR', '1/3/1986'), 
(716, 'CARLOS', 'BOCANEGRA', '5/25/1979'), 
(717, 'MICHAEL', 'BRADLEY', '7/31/1987'), 
(718, 'OGUCHI', 'ONYEWU', '5/13/1982'), 
(719, 'STEVE', 'CHERUNDOLO', '2/19/1979'), 
(720, 'DAMARCUS', 'BEASLEY', '5/24/1982'), 
(721, 'CLINT', 'DEMPSEY', '9/3/1983'), 
(722, 'HERCULEZ', 'GOMEZ', '6/4/1982'), 
(723, 'LANDON', 'DONOVAN', '4/3/1982'), 
(724, 'STUART', 'HOLDEN', '1/8/1985'), 
(725, 'JONATHAN', 'BORNSTEIN', '7/11/1984'), 
(726, 'RICARDO', 'CLARK', '10/2/1983'), 
(727, 'EDSON', 'BUDDLE', '5/21/1981'), 
(728, 'JAY', 'DE MERIT', '4/12/1979'), 
(729, 'FRANCISCO', 'TORRES', '10/29/1987'), 
(730, 'JOZY', 'ALTIDORE', '6/11/1989'), 
(731, 'BRAD', 'GUZAN', '9/9/1984'), 
(732, 'MAURICE', 'EDU', '4/18/1986'), 
(733, 'ROBBIE', 'FINDLEY', '4/8/1985'), 
(734, 'CLARENCE', 'GOODSON', '5/17/1982'), 
(735, 'BENNY', 'FEILHABER', '1/19/1985'), 
(736, 'MARCUS', 'HAHNEMANN', '6/15/1972'), 
(737, 'CEDRIC', 'SI MOHAMMED', '9/1/1985'), 	
(739, 'FAOUZI', 'GHOULAM', '1/2/1991'), 	
(740, 'ESSEID', 'BELKALEM', '1/1/1989'), 	
(745, 'NABIL', 'GHILAS', '4/20/1990'), 	
(746, 'SOﬁANE', 'FEGHOULI', '12/26/1989'), 	
(747, 'YACINE', 'BRAHIMI', '8/2/1990'), 	
(749, 'ISLAM', 'SLIMANI', '6/18/1988'), 	
(750, 'NABIL', 'BENTALEB', '11/24/1994'), 	
(751, 'EL ARABI', 'SOUDANI', '11/25/1987'), 	
(752, 'MOHAMED', 'ZEMMAMOUCHE', '3/19/1985'), 	
(753, 'LIASSINE', 'CADAMURO', '5/3/1988'), 	
(754, 'ABDELMOUMENE', 'DJABOU', '1/31/1987'), 	
(755, 'SAPHIR', 'TAIDER', '2/29/1992'), 	
(756, 'AISSA', 'MANDI', '10/22/1991'), 	
(757, 'RIYAD', 'MAHREZ', '2/21/1991'), 	
(758, 'MEHDI', 'MOSTEFA', '8/30/1983'), 	
(761, 'EZEQUIEL', 'GARAY', '10/10/1986'), 	
(762, 'HUGO', 'CAMPAGNARO', '6/27/1980'), 	
(763, 'PABLO', 'ZABALETA', '1/16/1985'), 	
(764, 'FERNANDO', 'GAGO', '10/4/1986'), 	
(765, 'LUCAS', 'BIGLIA', '1/30/1986'), 	
(767, 'ENZO', 'PEREZ', '2/22/1986'), 	
(770, 'MAXI', 'RODRIGUEZ', '2/1/1981'), 	
(771, 'AGUSTIN', 'ORION', '6/26/1981'), 	
(772, 'AUGUSTO', 'FERNANDEZ', '10/4/1986'), 	
(775, 'MARCOS', 'ROJO', '3/20/1990'), 	
(776, 'FEDERICO', 'FERNANDEZ', '2/21/1989'), 	
(777, 'RODRIGO', 'PALACIO', '5/2/1982'), 	
(778, 'RICARDO', 'ALVAREZ', '12/4/1988'), 	
(781, 'EZEQUIEL', 'LAVEZZI', '3/5/1985'), 	
(782, 'JOSE MARIA', 'BASANTA', '3/4/1984'), 	
(783, 'MATY', 'RYAN', '8/4/1992'), 
(784, 'IVAN', 'FRANJIC', '10/9/1987'), 
(785, 'JASON', 'DAVIDSON', '6/29/1991'), 
(788, 'MATTHEW', 'SPIRANOVIC', '6/27/1988'), 	
(789, 'MATHEW', 'LECKIE', '4/2/1991'), 	
(790, 'BAILEY', 'WRIGHT', '7/28/1992'), 	
(791, 'ADAM', 'TAGGART', '2/6/1993'), 	
(792, 'BEN', 'HALLORAN', '6/14/1992'), 	
(793, 'TOMMY', 'OAR', '10/12/1991'), 	
(794, 'MITCH', 'LANGERAK', '8/22/1988'), 	
(795, 'OLIVER', 'BOZANIC', '8/1/1989'), 	
(796, 'JAMES', 'TROISI', '3/7/1988'), 	
(798, 'JAMES', 'HOLLAND', '5/15/1989'), 	
(799, 'MATT', 'MC KAY', '11/1/1983'), 	
(800, 'EUGEN', 'GALEKOVIC', '12/6/1981'), 	
(801, 'RYAN', 'MC GOWAN', '8/15/1989'), 	
(803, 'MASSIMO', 'LUONGO', '9/25/1992'), 	
(804, 'ALEX', 'WILKINSON', '8/13/1984'), 	
(806, 'THIBAUT', 'COURTOIS', '11/5/1992'), 	
(807, 'TOBY', 'ALDERWEIRELD', '2/3/1989'), 	
(808, 'THOMAS', 'VERMAELEN', '11/14/1985'), 	
(809, 'VINCENT', 'KOMPANY', '10/4/1986'), 	
(810, 'JAN', 'VERTONGHEN', '4/24/1987'), 	
(811, 'AXEL', 'WITSEL', '12/1/1989'), 	
(812, 'KEVIN', 'DE BRUYNE', '6/28/1991'), 	
(813, 'MAROUANE', 'FELLAINI', '11/22/1987'), 	
(814, 'ROMELU', 'LUKAKU', '5/13/1993'), 	
(815, 'EDEN', 'HAZARD', '7/1/1991'), 	
(816, 'KEVIN', 'MIRALLAS', '5/10/1987'), 	
(817, 'SIMON', 'MIGNOLET', '6/3/1988'), 	
(818, 'SAMMY', 'BOSSUT', '11/8/1985'), 	
(819, 'DRIES', 'MERTENS', '6/5/1987'), 	
(820, 'DANIEL', 'VAN BUYTEN', '7/2/1978'), 	
(821, 'STEVEN', 'DEFOUR', '4/15/1988'), 	
(822, 'DIVOCK', 'ORIGI', '4/18/1995'), 	
(823, 'NICOLAS', 'LOMBAERTS', '3/20/1985'), 	
(824, 'MOUSSA', 'DEMBELE', '7/16/1987'), 	
(825, 'ADNAN', 'JANUZAJ', '5/2/1995'), 	
(826, 'ANTHONY', 'VANDEN BORRE', '10/24/1987'), 	
(827, 'NACER', 'CHADLI', '2/8/1989'), 	
(828, 'LAURENT', 'CIMAN', '5/8/1985'), 	
(829, 'ASMIR', 'BEGOVIC', '6/20/1987'), 	
(830, 'AVDIJA', 'VRSAJEVIC', '6/3/1986'), 	
(831, 'ERMIN', 'BICAKCIC', '1/24/1990'), 	
(832, 'EMIR', 'SPAHIC', '8/18/1980'), 	
(833, 'SEAD', 'KOLASINAC', '6/20/1993'), 	
(834, 'OGNJEN', 'VRANJES', '10/24/1989'), 	
(835, 'MUHAMED', 'BESIC', '10/9/1992'), 	
(836, 'MIRALEM', 'PJANIC', '2/4/1990'), 	
(837, 'VEDAD', 'IBISEVIC', '6/8/1984'), 	
(838, 'ZVJEZDAN', 'MISIMOVIC', '5/6/1982'), 	
(839, 'EDIN', 'DZEKO', '3/17/1986'), 	
(840, 'JASMIN', 'FEJZIC', '5/15/1986'), 	
(841, 'MENSUR', 'MUJDZA', '3/28/1984'), 	
(842, 'TINO SVEN', 'SUSIC', '2/13/1992'), 	
(843, 'TONI', 'SUNJIC', '12/15/1988'), 	
(844, 'SENAD', 'LULIC', '1/18/1986'), 	
(845, 'SENIJAD', 'IBRICIC', '9/26/1985'), 	
(846, 'HARIS', 'MEDUNJANIN', '8/3/1985'), 	
(847, 'EDIN', 'VISCA', '2/17/1990'), 	
(848, 'IZET', 'HAJROVIC', '4/8/1991'), 	
(849, 'ANEL', 'HADZIC', '8/16/1989'), 	
(850, 'ASMIR', 'AVDUKIC', '5/13/1981'), 	
(851, 'SEJAD', 'SALIHOVIC', '8/10/1984'), 	
(852, 'JEFFERSON', 'JEFFERSON', '2/1/1983'), 	
(855, 'LUIZ', 'DAVID', '4/22/1987'), 	
(856, 'FERNANDINHO', 'FERNANDINHO', '4/5/1985'), 	
(857, 'MARCELO', 'MARCELO', '12/5/1988'), 	
(858, 'HULK', 'HULK', '7/25/1986'), 	
(859, 'PAULINHO', 'PAULINHO', '7/25/1988'), 	
(860, 'FRED', 'FRED', '3/10/1983'), 	
(861, 'NEYMAR', 'NEYMAR', '5/2/1992'), 	
(862, 'OSCAR', 'SOARES DE ESPINDOLA ', '9/9/1991'), 	
(864, 'DANTE', 'DANTE', '10/18/1983'), 	
(865, 'MAXWELL', 'MAXWELL', '8/27/1981'), 	
(866, 'HENRIQUE', 'HENRIQUE', '10/14/1986'), 	
(868, 'GUSTAVO', 'LUIZ', '7/23/1987'), 	
(869, 'HERNANES', 'HERNANES', '5/29/1985'), 	
(870, 'WILLIAN', 'WILLIAN', '9/8/1988'), 	
(871, 'BERNARD', 'BERNARD', '8/9/1992'), 	
(872, 'JO', 'JO', '3/20/1987'), 	
(873, 'VICTOR', 'VICTOR', '1/21/1983'), 
(875, 'LOIC', 'FEUDJOU', '4/14/1992'), 	
(878, 'CEDRIC', 'DJEUGOUE', '8/28/1992'), 	
(879, 'DANY', 'NOUNKEU', '11/4/1986'), 	
(882, 'BENJAMIN', 'MOUKANDJO', '12/11/1988'), 	
(886, 'HENRI', 'BEDIMO', '4/6/1984'), 	
(889, 'PIERRE', 'WEBO', '1/20/1982'), 	
(890, 'CHARLES', 'ITANDJE', '2/11/1982'), 	
(893, 'FABRICE', 'OLINGA', '12/5/1996'), 	
(894, 'EDGAR', 'SALLI', '8/17/1992'), 	
(895, 'JOEL', 'MATIP', '8/8/1991'), 	
(896, 'ALLAN', 'NYOM', '10/5/1988'), 	
(897, 'SAMMY', 'NDJOCK', '2/25/1990'), 	
(899, 'EUGENIO', 'MENA', '7/18/1988'), 	
(900, 'MIIKO', 'ALBORNOZ', '11/30/1990')  /*OK*/

INSERT INTO JUGADOR 
(ID_JUGADOR, NOMBRE_JUG, APELLIDO_JUG, FECHA_DE_NAC) 
VALUES 	
(902, 'FRANCISCO', 'SILVA', '11/2/1986'), 	
(906, 'MAURICIO', 'PINILLA', '4/2/1984'), 	
(908, 'EDUARDO', 'VARGAS', '11/20/1989'), 	
(909, 'CRISTOPHER', 'TOSELLI', '6/15/1988'), 	
(910, 'JOSE', 'ROJAS', '6/23/1983'), 	
(913, 'FELIPE', 'GUTIERREZ', '8/10/1990'), 	
(914, 'GARY', 'MEDEL', '3/8/1987'), 	
(916, 'JOSE', 'FUENZALIDA', '2/22/1985'), 	
(917, 'CHARLES', 'ARANGUIZ', '4/17/1989'), 	
(918, 'MARCELO', 'DIAZ', '12/30/1986'), 	
(920, 'JOHNNY', 'HERRERA', '9/5/1981'), 	
(921, 'DAVID', 'OSPINA', '8/31/1988'), 	
(922, 'CRISTIAN', 'ZAPATA', '9/30/1986'), 	
(923, 'MARIO', 'YEPES', '1/13/1976'), 	
(924, 'SANTIAGO', 'ARIAS', '1/13/1992'), 	
(925, 'CARLOS', 'CARBONERO', '7/25/1990'), 	
(926, 'CARLOS', 'SANCHEZ', '6/2/1986'), 	
(927, 'PABLO', 'ARMERO', '2/11/1986'), 	
(928, 'ABEL', 'AGUILAR', '6/1/1985'), 	
(929, 'TEOﬁLO', 'GUTIERREZ', '5/17/1985'), 	
(930, 'JAMES', 'RODRIGUEZ', '12/7/1991'), 	
(931, 'JUAN', 'CUADRADO', '5/26/1988'), 	
(932, 'CAMILO', 'VARGAS', '9/3/1989'), 	
(933, 'FREDY', 'GUARIN', '6/30/1986'), 	
(934, 'VICTOR', 'IBARBO', '5/19/1990'), 	
(935, 'ALEXANDER', 'MEJIA', '11/7/1988'), 	
(936, 'EDER', 'BALANTA', '2/28/1993'), 	
(937, 'CARLOS', 'BACCA', '8/9/1986'), 	
(938, 'JUAN', 'ZUNIGA', '12/14/1985'), 	
(939, 'ADRIAN', 'RAMOS', '1/22/1986'), 	
(940, 'JUAN', 'QUINTERO', '1/18/1993'), 	
(941, 'JACKSON', 'MARTINEZ', '3/10/1986'), 	
(942, 'FARYD', 'MONDRAGON', '6/21/1971'), 	
(943, 'CARLOS', 'VALDES', '5/22/1985'), 	
(944, 'KEYLOR', 'NAVAS', '12/15/1986'), 	
(945, 'JOHNNY', 'ACOSTA', '7/21/1983'), 	
(946, 'GIANCARLO', 'GONZALEZ', '8/2/1988'), 	
(947, 'MICHAEL', 'UMANA', '7/16/1982'), 	
(948, 'CELSO', 'BORGES', '5/27/1988'), 	
(949, 'OSCAR', 'DUARTE', '3/6/1989'), 	
(950, 'CHRISTIAN', 'BOLANOS', '5/17/1984'), 	
(951, 'DAVE', 'MYRIE', '1/6/1988'), 	
(952, 'JOEL', 'CAMPBELL', '6/26/1992'), 	
(953, 'BRYAN', 'RUIZ', '8/18/1985'), 	
(954, 'MICHAEL', 'BARRANTES', '4/10/1983'), 	
(955, 'WAYLON', 'FRANCIS', '9/20/1990'), 	
(956, 'OSCAR', 'GRANADOS', '10/25/1985'), 	
(957, 'RANDALL', 'BRENES', '8/13/1983'), 	
(958, 'JUNIOR', 'DIAZ', '12/9/1983'), 	
(959, 'CRISTIAN', 'GAMBOA', '10/24/1989'), 	
(960, 'YELTSIN', 'TEJEDA', '3/17/1992'), 	
(961, 'PATRICK', 'PEMBERTON', '4/24/1982'), 	
(962, 'ROY', 'MILLER', '11/24/1984'), 	
(963, 'DIEGO', 'CALVO', '3/25/1991'), 	
(964, 'MARCOS', 'URENA', '5/3/1990'), 	
(965, 'JOSE', 'CUBERO', '2/14/1987'), 	
(966, 'BOUBACAR', 'CAMBRONERO', '8/1/1986'), 	
(967, 'OUSMANE', 'BARRY', '12/30/1979'), 	
(968, 'ARTHUR', 'DIARRASSOUBA', '12/21/1986'), 	
(969, 'KOLO', 'BOKA', '2/4/1983'), 	
(970, 'DIDIER', 'TOURE', '3/19/1981'), 	
(971, 'MATHIS', 'ZOKORA', '12/14/1980'), 	
(972, 'JEAN', 'BOLLY', '11/14/1990'), 	
(973, 'SALOMON DANIEL', 'AKPA', '11/10/1992'), 	
(974, 'ISMAEL', 'KALOU', '5/8/1985'), 	
(975, 'TIOTE', 'TIOTE', '6/21/1986'), 	
(976, 'GERVINHO', 'GERVINHO', '5/27/1987'), 	
(978, 'WILFRIED', 'BONY', '10/12/1988'), 	
(979, 'KONAN', 'YA', '5/22/1984'), 	
(980, 'ISMAEL', 'DIOMANDE', '8/28/1992'), 	
(981, 'MAX', 'GRADEL', '11/30/1987'), 	
(982, 'SYLVAIN', 'GBOHOUO', '10/29/1988'), 	
(983, 'SERGE', 'AURIER', '12/24/1992'), 	
(984, 'CONSTANT', 'DJAKPA', '10/17/1986'), 	
(986, 'DIE', 'SEREY', '7/11/1984'), 	
(987, 'GIOVANNI', 'SIO', '3/31/1989'), 	
(988, 'SOULEYMANE', 'BAMBA', '1/13/1985'), 	
(989, 'SAYOUBA', 'MANDE', '6/15/1993'), 	
(990, 'STIPE', 'PLETIKOSA', '8/1/1979'), 	
(991, 'SIME', 'VRSALJKO', '10/1/1992'), 	
(992, 'DANIJEL', 'PRANJIC', '2/12/1981'), 	
(993, 'IVAN', 'PERISIC', '2/2/1989'), 	
(994, 'VEDRAN', 'CORLUKA', '5/2/1986'), 	
(995, 'DEJAN', 'LOVREN', '5/7/1989'), 	
(996, 'IVAN', 'RAKITIC', '10/3/1988'), 	
(997, 'OGNJEN', 'VUKOJEVIC', '12/20/1983'), 	
(998, 'NIKICA', 'JELAVIC', '8/27/1985'), 	
(999, 'LUKA', 'MODRIC', '9/9/1985'), 	
(1000, 'DARIJO', 'SRNA', '1/5/1982'), 	
(1001, 'OLIVER', 'ZELENIKA', '5/14/1993'), 	
(1002, 'GORDON', 'SCHILDENFELD', '3/18/1985'), 	
(1003, 'MARCELO', 'BROZOVIC', '11/16/1992'), 	
(1004, 'MILAN', 'BADELJ', '2/25/1989'), 	
(1005, 'ANTE', 'REBIC', '9/21/1993'), 	
(1006, 'MARIO', 'MANDZUKIC', '5/21/1986'), 	
(1007, 'IVICA', 'OLIC', '9/14/1979'), 	
(1008, '', 'SAMMIR', '4/23/1987'), 	
(1009, 'MATEO', 'KOVACIC', '6/5/1994'), 	
(1010, 'DOMAGOJ', 'VIDA', '4/29/1989'), 	
(1011, 'EDUARDO', 'EDUARDO', '2/25/1983'), 	
(1012, 'DANIJEL', 'SUBASIC', '10/27/1984'), 	
(1013, 'MAXIMO', 'BANGUERA', '12/16/1985'), 	
(1014, 'JORGE', 'GUAGUA', '9/28/1981'), 	
(1015, 'FRICKSON', 'ERAZO', '5/5/1988'), 	
(1016, 'JUAN', 'PAREDES', '8/7/1987'), 	
(1017, 'ALEX', 'IBARRA', '1/20/1991'), 	
(1018, 'CRISTHIAN', 'NOBOA', '9/4/1985'), 	
(1019, 'JEFFERSON', 'MONTERO', '1/9/1989'), 	
(1020, 'EDISON', 'MENDEZ', '3/16/1979'), 	
(1021, 'JOAO', 'ROJAS', '6/14/1989'), 	
(1022, 'WALTER', 'AYOVI', '11/8/1979'), 	
(1023, 'FELIPE', 'CAICEDO', '5/9/1988'), 	
(1024, 'ADRIAN', 'BONE', '8/9/1988'), 	
(1025, 'ENNER', 'VALENCIA', '4/11/1989'), 	
(1026, 'OSWALDO', 'MINDA', '7/26/1983'), 	
(1027, 'MICHAEL', 'ARROYO', '4/23/1987'), 	
(1028, 'ANTONIO', 'VALENCIA', '4/8/1985'), 	
(1029, 'JAIMEN', 'AYOVI', '2/21/1988'), 	
(1030, 'OSCAR', 'BAGUI', '10/12/1982'), 	
(1031, 'LUIS', 'SARITAMA', '10/20/1983'), 	
(1032, 'FIDEL', 'MARTINEZ', '2/15/1990'), 	
(1033, 'GABRIEL', 'ACHILIER', '3/24/1985'), 	
(1034, 'ALEXANDER', 'DOMINGUEZ', '5/6/1987'), 	
(1035, 'CARLOS', 'GRUEZO', '4/19/1995'), 	
(1038, 'LEIGHTON', 'BAINES', '11/12/1984'), 	
(1040, 'GARY', 'CAHILL', '12/19/1985'), 	
(1041, 'PHIL', 'JAGIELKA', '8/17/1982'), 	
(1042, 'JACK', 'WILSHERE', '1/1/1992'), 	
(1044, 'DANIEL', 'STURRIDGE', '1/9/1989'), 	
(1046, 'DANNY', 'WELBECK', '11/26/1990'), 	
(1047, 'CHRIS', 'SMALLING', '11/22/1989'), 	
(1048, 'BEN', 'FOSTER', '3/4/1983'), 	
(1049, 'JORDAN', 'HENDERSON', '6/17/1990'), 	
(1050, 'ALEX', 'OXLADE CHAMBERLAIN', '8/15/1993'), 	
(1051, 'PHIL', 'JONES', '2/21/1992'), 	
(1053, 'RICKIE', 'LAMBERT', '2/16/1982'), 	
(1054, 'RAHEEM', 'STERLING', '8/12/1994'), 	
(1055, 'ADAM', 'LALLANA', '10/5/1988'), 	
(1056, 'ROSS', 'BARKLEY', '5/12/1993'), 	
(1057, 'FRASER', 'FORSTER', '3/17/1988'), 	
(1058, 'LUKE', 'SHAW', '12/7/1995'), 	
(1060, 'MATHIEU', 'DEBUCHY', '7/28/1985'), 	
(1062, 'RAPHAEL', 'VARANE', '4/25/1993'), 	
(1063, 'MAMADOU', 'SAKHO', '2/13/1990'), 	
(1064, 'YOHAN', 'CABAYE', '1/14/1986'), 	
(1065, 'REMY', 'CABELLA', '8/3/1990'), 	
(1067, 'OLIVIER', 'GIROUD', '9/30/1986'), 	
(1068, 'KARIM', 'BENZEMA', '12/19/1987'), 	
(1069, 'ANTOINE', 'GRIEZMANN', '3/21/1991'), 	
(1070, 'ANTONIO', 'MAVUBA', '8/3/1984'), 	
(1071, 'ELIAQUIM', 'MANGALA', '2/13/1991'), 	
(1072, 'BLAISE', 'MATUIDI', '9/4/1987'), 	
(1074, 'STEPHANE', 'RUFFIER', '9/27/1986'), 	
(1075, 'LUCAS', 'DIGNE', '7/20/1993'), 	
(1076, 'MOUSSA', 'SISSOKO', '8/16/1989'), 	
(1077, 'PAUL', 'POGBA', '3/15/1993'), 	
(1078, 'LOIC', 'REMY', '2/1/1987'), 	
(1079, 'LAURENT', 'KOSCIELNY', '10/9/1985'), 	
(1080, 'MORGAN', 'SCHNEIDERLIN', '8/11/1989'), 	
(1081, 'MICKAEL', 'LANDREAU', '5/14/1979'), 	
(1083, 'KEVIN', 'GROSSKREUTZ', '7/19/1988'), 	
(1084, 'MATTHIAS', 'GINTER', '1/19/1994'), 	
(1085, 'BENEDIKT', 'HOEWEDES', '2/29/1988'), 	
(1086, 'MATS', 'HUMMELS', '12/16/1988'), 	
(1090, 'ANDRE', 'SCHUERRLE', '6/11/1990'), 	
(1093, 'RON-ROBERT', 'ZIELER', '12/2/1989'), 	
(1095, 'JULIAN', 'DRAXLER', '9/20/1993'), 	
(1096, 'ERIK', 'DURM', '12/5/1992'), 	
(1100, 'MARIO', 'GOETZE', '3/6/1992'), 	
(1102, 'SHKODRAN', 'MUSTAFI', '4/17/1992'), 	
(1103, 'ROMAN', 'WEIDENFELLER', '6/8/1980'), 	
(1104, 'CHRISTOPH', 'KRAMER', '2/19/1991'), 	
(1105, 'STEPHEN', 'ADAMS', '9/28/1989'), 	
(1108, 'DANIEL', 'OPARE', '10/18/1990'), 	
(1109, 'MICHAEL', 'ESSIEN', '3/12/1982'), 	
(1110, 'ACQUAH', 'AFRIYIE', '5/1/1992'), 	
(1111, 'CHRISTIAN', 'ATSU', '10/1/1992'), 	
(1112, 'EMMANUEL', 'BADU', '2/12/1990'), 	
(1116, 'ADAM', 'KWARASEY', '12/12/1987'), 	
(1117, 'JORDAN', 'AYEW', '11/9/1991'), 	
(1118, 'ALBERT', 'ADOMAH', '12/13/1987'), 	
(1119, 'RASHID', 'SUMAILA', '12/18/1992'), 	
(1120, 'FATAWU', 'DAUDA', '6/4/1985'), 	
(1121, 'MOHAMMED', 'RABIU', '12/31/1989'), 	
(1122, 'MAJEED', 'WARIS', '9/19/1991'), 	
(1125, 'JOHN', 'BOYE', '4/23/1987'), 	
(1126, 'MUBARAK', 'WAKASO', '7/25/1990'), 	
(1127, 'HARRISON', 'AFFUL', '7/24/1986'), 	
(1128, 'ORESTIS', 'KARNEZIS', '11/7/1985'), 	
(1129, 'IOANNIS', 'MANIATIS', '12/10/1986'), 	
(1130, 'GEORGIOS', 'TZAVELAS', '11/26/1987'), 	
(1131, 'KONSTANTINOS', 'MANOLAS', '6/14/1991'), 	
(1135, 'PANAGIOTIS', 'KONE', '7/26/1987'), 	
(1136, 'KONSTANTINOS', 'MITROGLOU', '12/3/1988'), 	
(1139, 'PANAGIOTIS', 'GLYKOS', '10/10/1986'), 	
(1140, 'STEFANOS', 'KAPINO', '3/18/1994'), 	
(1143, 'LAZAROS', 'CHRISTODOULOPOULOS', '12/19/1986'), 	
(1145, 'IOANNIS', 'FETFATZIDIS', '12/21/1990'), 	
(1147, 'JOSE', 'CHOLEVAS', '6/27/1984'), 	
(1149, 'ANDREAS', 'SAMARIS', '6/13/1989'), 	
(1150, 'PANAGIOTIS', 'TACHTSIDIS', '2/15/1991'), 	
(1151, 'LUIS', 'LOPEZ', '9/13/1993'), 	
(1154, 'JUAN', 'MONTES', '12/26/1985'), 	
(1156, 'JUAN CARLOS', 'GARCIA', '8/3/1988'), 	
(1159, 'JERRY', 'PALACIOS', '5/13/1982'), 	
(1160, 'MARIO', 'MARTINEZ', '7/30/1989'), 	
(1161, 'JERRY', 'BENGTSON', '8/4/1987'), 	
(1162, 'EDDER', 'DELGADO', '11/20/1986'), 	
(1163, 'CARLO', 'COSTLY', '7/18/1982'), 	
(1164, 'BONIEK', 'GARCIA', '4/9/1984'), 		
(1166, 'RONY', 'MARTINEZ', '10/16/1987'), 	
(1167, 'ANDY', 'NAJAR', '3/16/1993'), 	
(1169, 'LUIS', 'GARRIDO', '5/11/1990'), 	
(1170, 'JORGE', 'CLAROS', '8/1/1986'), 	
(1171, 'BRAYAN', 'BECKELES', '11/28/1985'), 	
(1173, 'MARVIN', 'CHAVEZ', '3/11/1983'), 	
(1174, 'RAHMAN', 'AHMADI', '7/30/1980'), 	
(1175, 'KHOSRO', 'HEYDARI', '9/14/1983'), 	
(1176, 'ESHAN', 'HAJI SAFI', '2/25/1990'), 	
(1177, 'JALAL', 'HOSSEINI', '3/2/1982'), 	
(1178, 'AMIRHOSSEIN', 'SADEGHI', '6/9/1981'), 	
(1179, 'JAVAD', 'NEKOUNAM', '7/9/1980'), 	
(1180, 'MASOUD', 'SHOJAEI', '9/6/1984'), 	
(1181, 'REZA', 'HAGHIGHI', '1/2/1989'), 	
(1182, 'ALIREZA', 'JAHAN BAKHSH', '11/8/1993'), 	
(1183, 'KARIM', 'ANSARI FARD', '3/4/1990'), 	
(1184, 'GHASEM', 'HADADIFAR', '12/7/1983'), 	
(1185, 'ALIREZA', 'HAGHIGHI', '2/5/1988'), 	
(1186, 'HOSSEIN', 'MAHINI', '9/16/1986'), 	
(1187, 'ANDRANIK', 'TIMOTIAN', '6/3/1983'), 	
(1188, 'PEJMAN', 'MONTAZERI', '6/9/1983'), 	
(1189, 'REZA', 'GHOOCHANNEJAD', '9/20/1987'), 	
(1190, 'AHMAD', 'ALNAMEH', '10/20/1982'), 	
(1191, 'BAKHTIAR', 'RAHMANI', '9/23/1991'), 	
(1192, 'HASHEM', 'BEIKZADEH', '1/22/1984'), 	
(1193, 'STEVEN', 'BEITASHOUR', '1/2/1987'), 	
(1194, 'ASHKAN', 'DEJAGAH', '5/7/1986'), 	
(1195, 'DANIEL', 'DAVARI', '6/1/1988'), 	
(1196, 'MEHRDAD', 'POOLADI', '2/26/1987'), 	
(1198, 'MATTIA', 'DE SCIGLIO', '10/20/1992'), 	
(1200, 'MATTEO', 'DARMIAN', '2/12/1989'), 	
(1201, 'THIAGO', 'MOTTA', '8/28/1982'), 	
(1202, 'ANTONIO', 'CANDREVA', '2/28/1987'), 	
(1203, 'IGNAZIO', 'ABATE', '12/11/1986'), 	
(1205, 'MARIO', 'BALOTELLI', '12/8/1990'), 	
(1206, 'ANTONIO', 'CASSANO', '12/7/1982'), 	
(1207, 'ALESSIO', 'CERCI', '7/23/1987'), 	
(1208, 'SALVATORE', 'SIRIGU', '12/1/1987'), 	
(1209, 'MATTIA', 'PERIN', '10/11/1992'), 	
(1210, 'ALBERTO', 'AQUILANI', '7/7/1984'), 	
(1211, 'ANDREA', 'BARZAGLI', '8/5/1981'), 	
(1213, 'CIRO', 'IMMOBILE', '2/20/1990'), 	
(1214, 'MARCO', 'PAROLO', '1/25/1985'), 	
(1216, 'GABRIEL', 'PALETTA', '2/15/1986'), 	
(1218, 'LORENZO', 'INSIGNE', '4/6/1991'), 	
(1219, 'MARCO', 'VERRATTI', '5/11/1992'), 	
(1222, 'GOTOKU', 'SAKAI', '3/14/1991'), 	
(1225, 'MASATO', 'MORISHIGE', '5/21/1987'), 	
(1227, 'HIROSHI', 'KIYOTAKE', '12/11/1989'), 	
(1229, 'SHINJI', 'KAGAWA', '3/17/1989'), 	
(1230, 'YOICHIRO', 'KAKITANI', '3/1/1990'), 	
(1231, 'SHUSAKU', 'NISHIKAWA', '6/18/1986'), 	
(1233, 'TOSHIHIRO', 'AOYAMA', '2/22/1986'), 	
(1235, 'HOTARU', 'YAMAGUCHI', '6/10/1990'), 	
(1237, 'YUYA', 'OSAKO', '5/18/1990'), 	
(1238, 'MASAHIKO', 'INOHA', '8/28/1985'), 	
(1239, 'MANABU', 'SAITO', '4/4/1990'), 	
(1240, 'HIROKI', 'SAKAI', '12/4/1990'), 	
(1241, 'MAYA', 'YOSHIDA', '8/24/1988'), 	
(1242, 'SHUICHI', 'GONDA', '3/3/1989'), 	
(1244, 'CHANGSOO', 'KIM', '12/9/1985'), 	
(1245, 'SUKYOUNG', 'YUN', '2/13/1990'), 	
(1246, 'TAEHWI', 'KWAK', '8/7/1981'), 	
(1247, 'YOUNGGWON', 'KIM', '2/27/1990'), 	
(1248, 'SEOKHO', 'HWANG', '6/27/1989'), 	
(1250, 'DAESUNG', 'HA', '2/3/1985'), 	
(1251, 'HEUNGMIN', 'SON', '8/7/1992'), 	
(1253, 'KEUNHO', 'LEE', '11/4/1985'), 	
(1254, 'YONG', 'LEE', '12/24/1986'), 	
(1255, 'JACHEOL', 'KOO', '2/27/1989'), 	
(1256, 'KOOKYOUNG', 'HAN', '4/19/1990'), 	
(1257, 'JONGWOO', 'PARK', '10/3/1989'), 	
(1260, 'SHINWOOK', 'KIM', '4/14/1988'), 	
(1261, 'DONGWON', 'JI', '5/28/1991'), 	
(1262, 'JEONGHO', 'HONG', '12/8/1989'), 	
(1263, 'SEUNGGYU', 'KIM', '9/30/1990'), 	
(1264, 'JOOHO', 'PARK', '1/16/1987'), 	
(1265, 'BUMYOUNG', 'LEE', '2/4/1989'), 	
(1266, 'JOSE', 'CORONA', '1/26/1981'), 	
(1270, 'DIEGO', 'REYES', '9/19/1992'), 	
(1271, 'HECTOR', 'HERRERA', '4/19/1990'), 	
(1272, 'MIGUEL', 'LAYUN', '6/25/1988'), 	
(1273, 'MARCO', 'FABIAN', '7/21/1989'), 	
(1274, 'RAUL', 'JIMENEZ', '5/5/1991'), 	
(1276, 'ALAN', 'PULIDO', '8/3/1991'), 	
(1277, 'ALFREDO', 'TALAVERA', '9/18/1982'), 	
(1281, 'MIGUEL', 'PONCE', '12/4/1989'), 	
(1282, 'ISAAC', 'BRIZUELA', '8/28/1990'), 	
(1284, 'ORIBE', 'PERALTA', '12/1/1984'), 	
(1285, 'JAVIER', 'AQUINO', '11/2/1990'), 	
(1286, 'CARLOS', 'PENA', '3/29/1990'), 	
(1288, 'JOSE', 'VAZQUEZ', '3/14/1988'), 	
(1289, 'JASPER', 'CILLESSEN', '4/22/1989'), 	
(1290, 'RON', 'VLAAR', '2/16/1985'), 	
(1291, 'STEFAN', 'DE VRIJ', '5/2/1992'), 	
(1292, 'BRUNO', 'MARTINS INDI', '8/2/1992'), 	
(1293, 'DALEY', 'BLIND', '9/3/1990'), 	
(1295, 'DARYL', 'JANMAAT', '7/22/1989'), 	
(1296, 'JONATHAN', 'DE GUZMAN', '9/13/1987'), 	
(1300, 'PAUL', 'VERHAEGH', '1/9/1983'), 	
(1301, 'JOEL', 'VELTMAN', '1/15/1992'), 	
(1302, 'TERENCE', 'KONGOLO', '2/14/1994'), 	
(1304, 'JORDY', 'CLASIE', '6/27/1991'), 	
(1305, 'JEREMAIN', 'LENS', '11/24/1987'), 	
(1306, 'LEROY', 'FER', '5/1/1990'), 	
(1308, 'GEORGINIO', 'WIJNALDUM', '11/11/1990'), 	
(1309, 'MEMPHIS', 'DEPAY', '2/13/1994'), 	
(1311, 'TIM', 'KRUL', '3/4/1988'), 	
(1312, 'ROGER', 'ESPINOZA', '10/25/1986'), /* <------------------- CAMBIADO */
(1314, 'EJIKE', 'UZOENYI', '3/23/1992'), 	
(1315, 'RUBEN', 'GABRIEL', '9/25/1990'), 	
(1316, 'EFE', 'AMBROSE', '10/18/1988'), 	
(1317, 'AZUBUIKE', 'EGWUEKWE', '7/16/1989'), 	
(1318, 'AHMED', 'MUSA', '10/14/1992'), 	
(1320, 'EMMANUEL', 'EMENIKE', '10/5/1987'), 	
(1322, 'VICTOR', 'MOSES', '12/12/1990'), 	
(1323, 'EBENEZER', 'ODUNLAMI', '4/30/1991'), 	
(1324, 'JUWON', 'OSHANIWA', '9/14/1990'), 	
(1325, 'GODFREY', 'OBOABONA', '9/16/1990'), 	
(1326, 'RAMON', 'AZEEZ', '12/12/1992'), 	
(1327, 'AUSTINE', 'EJIDE', '8/4/1984'), 	
(1328, 'OGENYI', 'ONAZI', '12/25/1992'), 	
(1329, 'MICHAEL', 'BABATUNDE', '12/24/1992'), 	
(1330, 'UCHE', 'NWOFOR', '9/17/1991'), 	
(1331, 'OKECHUKWU', 'UCHEBO', '3/2/1990'), 	
(1332, 'CHIGOZIE', 'AGBIM', '11/28/1984'), 	
(1333, 'KENNETH', 'OMERUO', '10/17/1993'), 	
(1334, 'SHOLA', 'AMEOBI', '12/10/1981'), 	
(1337, 'PEPE', 'PEPE', '2/26/1983'), 	
(1339, 'FABIO', 'COENTRAO', '11/3/1988'), 	
(1340, 'WILLIAM', 'WILLIAM', '7/4/1992'), 	
(1342, 'JOAO', 'MOUTINHO', '8/9/1986'), 	
(1344, 'VIEIRINHA', 'VIEIRINHA', '1/24/1986'), 	
(1345, 'EDER', 'EDER', '12/22/1987'), 	
(1346, 'RUI', 'PATRICIO', '2/15/1988'), 	
(1348, 'LUIS', 'NETO', '5/26/1988'), 	
(1349, 'RAFA', 'RAFA', '5/17/1993'), 	
(1351, 'NANI', 'NANI', '11/17/1986'), 	
(1352, 'VARELA', 'VARELA', '2/2/1985'), 	
(1353, 'ANDRE', 'ALMEIDA', '10/9/1990'), 	
(1354, 'RUBEN', 'AMORIM', '1/27/1985'), 	
(1355, 'JOAO', 'PEREIRA', '2/25/1984'), 	
(1356, 'BETO', 'BETO', '1/5/1982'), 	
(1357, 'HELDER', 'POSTIGA', '2/8/1982'), 	
(1358, 'IGOR', 'AKINFEEV', '8/4/1986'), 	
(1359, 'ALEKSEI', 'KOZLOV', '12/25/1986'), 	
(1360, 'GEORGY', 'SHCHENNIKOV', '4/27/1991'), 	
(1361, 'SERGEY', 'IGNASHEVICH', '7/14/1979'), 	
(1362, 'ANDREY', 'SEMENOV', '3/24/1989'), 	
(1363, 'MAKSIM', 'KANUNNIKOV', '7/14/1991'), 	
(1364, 'IGOR', 'DENISOV', '5/17/1984'), 	
(1365, 'DENIS', 'GLUSHAKOV', '1/27/1987'), 	
(1366, 'ALEXANDER', 'KOKORIN', '3/19/1991'), 	
(1367, 'ALAN', 'DZAGOEV', '6/17/1990'), 	
(1368, 'ALEKSANDR', 'KERZHAKOV', '11/27/1982'), 	
(1369, 'YURY', 'LODYGIN', '5/26/1990'), 	
(1370, 'VLADIMIR', 'GRANAT', '5/22/1987'), 	
(1371, 'VASILY', 'BEREZUTSKIY', '6/20/1982'), 	
(1372, 'PAVEL', 'MOGILEVETC', '1/25/1993'), 	
(1373, 'SERGEY', 'RYZHIKOV', '9/19/1980'), 	
(1374, 'OLEG', 'SHATOV', '7/29/1990'), 	
(1375, 'YURY', 'ZHIRKOV', '8/20/1983'), 	
(1376, 'ALEXANDER', 'SAMEDOV', '7/19/1984'), 	
(1377, 'VICTOR', 'FAYZULIN', '4/22/1986'), 	
(1378, 'ALEXEY', 'IONOV', '2/18/1989'), 	
(1379, 'ANDREY', 'ESHCHENKO', '9/2/1984'), 	
(1380, 'DMITRY', 'KOMBAROV', '1/22/1987'), 	
(1385, '', 'JUANFRAN', '9/1/1985'), 	
(1392, 'DAVID', 'DE GEA', '7/11/1990'), 	
(1397, 'KOKE', 'KOKE', '8/1/1992'), 	
(1398, 'JORDI', 'ALBA', '3/21/1989'), 	
(1399, 'DIEGO', 'COSTA', '7/10/1988'), 	
(1400, 'SANTI', 'CAZORLA', '12/13/1984'), 	
(1402, 'CESAR', 'AZPILICUETA', '8/28/1989'), 	
(1409, 'MICHAEL', 'LANG', '8/2/1991'), 	
(1412, 'HARIS', 'SEFEROVIC', '2/22/1992'), 	
(1413, 'GRANIT', 'XHAKA', '9/27/1992'), 	
(1415, 'YANN', 'SOMMER', '12/17/1988'), 	
(1416, 'RICARDO', 'RODRIGUEZ', '8/25/1992'), 	
(1417, 'VALENTIN', 'STOCKER', '12/4/1989'), 	
(1418, 'BLERIM', 'DZEMAILI', '12/4/1986'), 	
(1420, 'MARIO', 'GAVRANOVIC', '11/24/1989'), 	
(1421, 'ADMIR', 'MEHMEDI', '3/16/1991'), 	
(1422, 'JOSIP', 'DRMIC', '8/8/1992'), 	
(1423, 'JOHAN', 'DJOUROU', '1/18/1987'), 	
(1424, 'ROMAN', 'BUERKI', '11/14/1990'), 	
(1425, 'FABIAN', 'SCHAER', '12/20/1991'), 	
(1433, 'CRISTIAN', 'RODRIGUEZ', '9/30/1985'), 	
(1434, 'ABEL', 'HERNANDEZ', '8/8/1990'), 	
(1437, 'CRISTHIAN', 'STUANI', '12/10/1986'), 	
(1438, 'RODRIGO', 'MUNOZ', '1/22/1982'), 	
(1439, 'JOSE', 'GIMENEZ', '1/20/1995'), 	
(1444, 'GASTON', 'RAMIREZ', '2/12/1990'), 	
(1445, 'SEBASTIAN', 'COATES', '7/10/1990'), 	
(1446, 'ALVARO', 'GONZALEZ', '10/29/1984'), 	
(1451, 'DEANDRE', 'YEDLIN', '9/7/1993'), 	
(1452, 'OMAR', 'GONZALEZ', '11/10/1988'), 	
(1454, 'MATT', 'BESLER', '11/2/1987'), 	
(1455, 'JOHN', 'BROOKS', '1/28/1993'), 	
(1458, 'ARON', 'JOHANNSSON', '10/11/1990'), 	
(1459, 'MIX', 'DISKERUD', '2/10/1990'), 	
(1460, 'ALEJANDRO', 'BEDOYA', '4/29/1987'), 	
(1462, 'JERMAINE', 'JONES', '3/11/1981'), 	
(1463, 'BRAD', 'DAVIS', '8/11/1981'), 
(1464, 'KYLE', 'BECKERMAN', '4/23/1982'), 
(1465, 'JULIAN', 'GREEN', '6/6/1995'), 
(1467, 'CHRIS', 'WONDOLOWSKI', '1/28/1983'), 
(1468, 'GRAHAM', 'ZUSI', '8/18/1986'), 
(1469, 'GEOFF', 'CAMERON', '11/7/1985'), 
(1470, 'TIMMY', 'CHANDLER', '3/29/1990'), 
(1471, 'NICK', 'RIMANDO', '6/17/1979'), 
(1472, 'FABIAN', 'JOHNSON', '11/12/1987'), 
(1473, 'NAHUEL', 'GUZMAN', '10/2/1986'), 	
(1474, 'GABRIEL', 'MERCADO', '3/18/1987'), 	
(1475, 'NICOLAS', 'TAGLIAFICO', '8/31/1992'), 	
(1476, 'CRISTIAN', 'ANSALDI', '9/20/1986'), 	
(1478, 'FEDERICO', 'FAZIO', '3/17/1987'), 	
(1479, 'EVER', 'BANEGA', '6/29/1988'), 	
(1480, 'MARCOS', 'ACUNA', '10/28/1991'), 	
(1484, 'FRANCO', 'ARMANI', '10/16/1986'), 	
(1485, 'MAXIMILIANO', 'MEZA', '12/15/1992'), 	
(1487, 'MANUEL', 'LANZINI', '2/15/1993'), 	
(1490, 'EDUARDO', 'SALVIO', '7/13/1990'), 	
(1492, 'GIOVANI', 'LO CELSE', '9/4/1996'), 	
(1493, 'PAULO', 'DYBALA', '11/15/1993'), 	
(1494, 'CRISTIAN', 'PAVON', '1/21/1996'), 	
(1495, 'WILFREDO', 'CABALLERO', '9/28/1981'), 	
(1497, 'MILOS', 'DEGENEK', '4/28/1994'), 	
(1498, 'JAMES', 'MEREDITH', '5/4/1988'), 	
(1501, 'MATTHEW', 'JURMAN', '8/12/1989'), 	
(1504, 'TOMI', 'JURIC', '7/22/1991'), 	
(1505, 'ROBBIE', 'KRUSE', '5/10/1988'), 	
(1506, 'ANDREW', 'NABBOUT', '12/17/1992'), 	
(1508, 'AARON', 'MOOY', '9/15/1990'), 	
(1509, 'JAMIE', 'MACLAREN', '7/29/1993'), 	
(1511, 'AZIZ', 'BEHICH', '12/16/1990'), 	
(1512, 'DANIEL', 'ARZANI', '4/1/1999'), 	
(1513, 'DANNY', 'VUKOVIC', '3/27/1985'), 	
(1514, 'JOSHUA', 'RISDON', '7/27/1992'), 	
(1515, 'TRENT', 'SAINSBURY', '5/1/1992'), 	
(1516, 'DIMITRIOS', 'PETRATOS', '10/11/1992'), 	
(1517, 'JACKSON', 'IRVINE', '7/3/1993'), 	
(1518, 'TOM', 'ROGIC', '12/16/1992'), 	
(1529, 'YANNICK', 'CARRASCO', '4/9/1993'), 	
(1531, 'KOEN', 'CASTEELS', '6/25/1992'), 	
(1533, 'THOMAS', 'MEUNIER', '12/9/1991'), 	
(1534, 'THORGAN', 'HAZARD', '3/29/1993'), 	
(1535, 'YOURI', 'TIELEMANS', '7/5/1997'), 	
(1538, 'DEDRYCK', 'BOYATA', '11/28/1990'), 	
(1539, 'MICHY', 'BATSHUAYI', '2/10/1993'), 	
(1541, 'LEANDER', 'DENDONCKER', '4/15/1995'), 	
(1542, 'ALISSON', 'ALISSON', '2/10/1992'), 	
(1544, 'MIRANDA', 'MIRANDA', '7/9/1984'), 	
(1545, 'PEDRO', 'GEROMEL', '9/21/1985'), 	
(1546, 'CASEMIRO', 'CASEMIRO', '2/23/1992'), 	
(1547, 'FELIPE', 'LUIS', '9/8/1985'), 	
(1548, 'DOUGLAS', 'COSTA', '9/14/1990'), 	
(1549, 'RENATO', 'AUGUSTO', '8/2/1988'), 	
(1550, 'GABRIEL', 'JESUS', '3/4/1997'), 	
(1552, 'PHILIPPE', 'COUTINHO', '12/6/1992'), 	
(1553, 'MARCELO', 'MARCELO', '12/5/1988'), 	
(1554, 'MAQQUINHOS', 'MARQUINHOS', '5/14/1994'), 	
(1555, 'DANILO', 'DANILO', '7/15/1991'), 	
(1557, 'CASSIO', 'CASSIO', '6/6/1987'), 	
(1561, 'ROBERTO', 'FIRMINO', '2/10/1991'), 	
(1562, 'TAISON', 'TAISON', '1/13/1988'), 	
(1563, 'FAGNER', 'FAGNER', '11/6/1989'), 	
(1564, 'EDERSON', 'EDERSON', '8/17/1993'), 	
(1567, 'OSCAR', 'MURILLO', '4/18/1988'), 	
(1569, 'WILMAR', 'BARRIOS', '10/16/1993'), 	
(1573, 'RADAMEL', 'FALCAO', '10/2/1986'), 	
(1577, 'YERRY', 'MINA', '9/23/1994'), 	
(1578, 'LUIS', 'MURIEL', '4/16/1991'), 	
(1579, 'MATEUS', 'URIBE', '3/21/1991'), 	
(1580, 'JEFFERSON', 'LERMA', '10/25/1994'), 	
(1581, 'JOHAN', 'MOJICA', '8/21/1992'), 	
(1582, 'FRANK', 'FABRA', '2/22/1991'), 	
(1583, 'MIGUEL', 'BORJA', '1/26/1993'), 	
(1585, 'JOSE', 'IZQUIERDO', '7/7/1992'), 	
(1586, 'JOSE', 'CUADRADO', '1/6/1985'), 	
(1587, 'DAVINSON', 'SANCHEZ', '12/6/1996'), 	
(1591, 'IAN', 'SMITH', '6/3/1998'), 	
(1595, 'BRYAN', 'OVIEDO', '2/18/1990'), 	
(1596, 'DANIEL', 'COLINDRES', '10/1/1985'), 	
(1598, 'JOHAN', 'VENEGAS', '11/27/1988'), 	
(1599, 'JOEL', 'CAMPBELL', '6/26/1992'), 	
(1600, 'RODNEY', 'WALLACE', '6/17/1988'), 	
(1601, 'RANDALL', 'AZOFEIFA', '12/30/1984'), 	
(1606, 'KENDALL', 'WASTON', '1/1/1988'), 	
(1607, 'DAVID', 'GUZMAN', '2/18/1990'), 	
(1609, 'RONALD', 'MATARRITA', '9/7/1994'), 	
(1610, 'LEONEL', 'MOREIRA', '2/4/1990'), 	
(1611, 'DOMINIK', 'LIVAKOVIC', '9/1/1995'), 	
(1613, 'IVAN', 'STRINIC', '7/17/1987'), 	
(1618, 'MATEO', 'KOVACIC', '6/5/1994'), 	
(1619, 'ANDREJ', 'KRAMARIC', '6/19/1991'), 	
(1622, 'LOVRE', 'KALINIC', '3/4/1990'), 	
(1623, 'TIN', 'JEDVAJ', '11/28/1995'), 	
(1624, 'FILIP', 'BRADARIC', '11/1/1992'), 	
(1625, 'DUJE', 'CALETA-CAR', '9/17/1996'), 	
(1626, 'NIKOLA', 'KALINIC', '5/1/1988'), 	
(1630, 'MARKO', 'PJACA', '6/5/1995'), 	
(1632, 'JOSIP', 'PIVARIC', '1/30/1989'), 	
(1634, 'KASPER', 'SCHMEICHEL', '5/11/1986'), 	
(1635, 'MICHAEL', 'KROHN-DEHLI', '6/6/1983'), 	
(1636, 'JANNIK', 'VESTERGAARD', '3/8/1992'), 	
(1638, 'JONAS', 'KNUDSEN', '9/16/1992'), 	
(1639, 'ANDREAS', 'CHRISTENSEN', '10/4/1996'), 	
(1640, 'WILLIAM', 'KVIST', '2/24/1985'), 	
(1641, 'THOMAS', 'DELANEY', '3/9/1991'), 	
(1644, 'MARTIN', 'BRAITHWAITE', '5/6/1991'), 	
(1645, 'KASPER', 'DOLBERG', '6/10/1997'), 	
(1646, 'MATHIAS', 'JORGENSEN', '4/23/1990'), 	
(1647, 'HENRIK', 'DALSGAARD', '7/27/1989'), 	
(1648, 'VIKTOR', 'FISCHER', '9/6/1994'), 	
(1649, 'JONAS', 'LOSSL', '1/2/1989'), 	
(1650, 'JENS', 'STRYGER LARSEN', '2/21/1991'), 	
(1651, 'LUKAS', 'LERAGER', '12/7/1993'), 	
(1652, 'LASSE', 'SCHONE', '5/27/1986'), 	
(1653, 'YUSSUF YURURAY', 'POULSEN', '6/15/1994'), 	
(1654, 'ANDREAS', 'CORNELIUS', '3/16/1993'), 	
(1655, 'FREDERIK', 'RONNOW', '4/8/1992'), 	
(1656, 'PIONE', 'SISTO', '4/2/1995'), 	
(1657, 'HADARY', 'ESSAM EL', '1/15/1973'), 	
(1658, 'BAGR', 'ALI', '1/1/1989'), 	
(1659, 'ELMOHAMADY', 'AHMED', '9/9/1987'), 	
(1660, 'GABER', 'OMAR', '1/30/1992'), 	
(1661, 'MORSY', 'SAM', '10/9/1991'), 	
(1662, 'HEGAZY', 'AHMED', '1/25/1991'), 	
(1663, 'FATHI', 'AHMED', '10/11/1984'), 	
(1664, 'HAMED', 'TAREK', '10/24/1988'), 	
(1665, 'MOHSEN', 'MARWAN', '2/26/1989'), 	
(1666, 'SALAH', 'MOHAMED', '6/15/1992'), 	
(1667, 'KAHRABA', 'KAHRABA', '4/13/1994'), 	
(1668, 'ASHRAF', 'AYMAN', '9/4/1991'), 	
(1669, 'ABDELSHAFY', 'MOHAMED', '1/7/1985'), 	
(1670, 'SOBHY', 'RAMADAN', '1/23/1997'), 	
(1671, 'HAMDY', 'MAHMOUD', '1/6/1995'), 	
(1672, 'EKRAMY', 'SHERIF', '10/7/1983'), 	
(1673, 'ELNENY', 'MOHAMED', '11/7/1992'), 	
(1674, 'SHIKABALA', 'SHIKABALA', '5/3/1986'), 	
(1675, 'SAID', 'ABDALLA', '7/13/1985'), 	
(1676, 'SAAD', 'SAMIR', '1/4/1989'), 	
(1677, 'TREZEGUET', 'TREZEGUET', '1/10/1994'), 	
(1678, 'WARDA', 'AMR', '9/17/1993'), 	
(1679, 'ELSHENAWY', 'MOHAMED', '12/18/1988'), 	
(1680, 'JORDAN', 'PICKFORD', '7/3/1994'), 	
(1681, 'KYLE', 'WALKER', '5/28/1990'), 	
(1682, 'DANNY', 'ROSE', '2/7/1990'), 	
(1683, 'ERIC', 'DIER', '1/15/1994'), 	
(1684, 'JOHN', 'STONES', '5/28/1994'), 	
(1685, 'HARRY', 'MAGUIRE', '5/3/1993'), 	
(1686, 'JESSE', 'LINGARD', '12/15/1992'), 	
(1688, 'HARRY', 'KANE', '7/28/1993'), 	
(1690, 'JAMIE', 'VARDY', '11/1/1987'), 	
(1691, 'KIERAN', 'TRIPPIER', '9/19/1990'), 	
(1692, 'JACK', 'BUTLAND', '10/3/1993'), 	
(1696, 'FABIAN', 'DELPH', '11/21/1989'), 	
(1697, 'ASHLEY', 'YOUNG', '9/7/1985'), 	
(1698, 'MARCUS', 'RASHFORD', '10/31/1997'), 	
(1699, 'DELE', 'ALLI', '11/4/1996'), 	
(1700, 'RUBEN', 'LOFTUS-CHEEK', '1/23/1996'), 	
(1701, 'TRENT', 'ALEXANDER-ARNOLD', '7/10/1998'), 	
(1702, 'NICK', 'POPE', '4/19/1992'), 	
(1704, 'BENJAMIN', 'PAVARD', '3/28/1996'), 	
(1705, 'PRESNEL', 'KIMPEMBE', '8/13/1995'), 	
(1707, 'SAMUEL', 'UMTITI', '11/14/1993'), 	
(1708, 'PAUL', 'POGBA', '3/15/1993'), 	
(1710, 'THOMAS', 'LEMAR', '12/11/1995'), 	
(1712, 'KYLIAN', 'MBAPPE', '12/20/1998'), 	
(1713, 'OUSMANE', 'DEMBELE', '5/15/1997'), 	
(1714, 'CORENTIN', 'TOLISSO', '3/8/1994'), 	
(1715, 'NGOLO', 'KANTE', '3/29/1991'), 	
(1716, 'BLAISE', 'MATUIDI', '9/4/1987'), 	
(1717, 'STEVEN', 'NZONZI', '12/15/1988'), 	
(1719, 'ADIL', 'RAMI', '12/27/1985'), 	
(1720, 'NABIL', 'FEKIR', '7/18/1993'), 	
(1721, 'DJIBRIL', 'SIDIBE', '7/29/1992'), 	
(1722, 'FLORIAN', 'THAUVIN', '1/26/1993'), 	
(1723, 'LUCAS', 'HERNANDEZ', '2/14/1996'), 	
(1724, 'BENJAMIN', 'MENDY', '7/17/1994'), 	
(1725, 'ALPHONSE', 'AREOLA', '2/27/1993'), 	
(1727, 'MARVIN', 'PLATTENHARDT', '1/26/1992'), 	
(1728, 'JONAS', 'HECTOR', '5/27/1990'), 	
(1734, 'TIMO', 'WERNER', '6/3/1996'), 	
(1736, 'MARCO', 'REUS', '5/31/1989'), 	
(1737, 'KEVIN', 'TRAPP', '8/7/1990'), 	
(1739, 'LEON', 'GORETZKA', '6/2/1995'), 	
(1740, 'NIKLAS', 'SUELE', '3/9/1995'), 	
(1741, 'ANTONIO', 'RUEDIGER', '3/3/1993'), 	
(1743, 'JOSHUA', 'KIMMICH', '8/2/1995'), 	
(1744, 'SEBASTIAN', 'RUDY', '2/28/1990'), 	
(1745, 'JULIAN', 'BRANDT', '2/5/1996'), 	
(1746, 'ILKAY', 'GUENDOGAN', '10/24/1990'), 	
(1747, 'MARC-ANDRE', 'TER STEGEN', '4/30/1992'), 	
(1749, 'HANNES', 'HALLDORSSON', '4/27/1984'), 	
(1750, 'BIRKIR', 'SAEVARSSON', '11/11/1984'), 	
(1751, 'SAMUEL', 'FRIDJONSSON', '2/22/1996'), 	
(1752, 'ALBERT', 'GUDMUNDSSON', '6/15/1997'), 	
(1753, 'SVERRIR', 'INGASON', '5/8/1993'), 	
(1754, 'RAGNAR', 'SIGURDSSON', '6/19/1986'), 	
(1755, 'JOHANN', 'GUDMUNDSSON', '10/27/1990'), 	
(1756, 'BIRKIR', 'BJARNASON', '5/27/1988'), 	
(1757, 'BJORN', 'SIGURDARSON', '2/26/1991'), 	
(1758, 'GYLFI', 'SIGURDSSON', '8/9/1989'), 	
(1759, 'ALFRED', 'FINNBOGASON', '1/2/1989'), 	
(1760, 'FREDERIK', 'SCHRAM', '1/19/1995'), 	
(1761, 'RUNAR', 'RUNARSSON', '2/18/1995'), 	
(1762, 'KARI', 'ARNASON', '10/13/1982'), 	
(1763, 'HOLMAR', 'EYJOLFSSON', '6/8/1990'), 	
(1764, 'OLAFUR', 'SKULASON', '1/4/1983'), 	
(1765, 'ARON', 'GUNNARSSON', '4/22/1989'), 	
(1766, 'HORDUR', 'MAGNUSSON', '11/2/1993'), 	
(1767, 'RURIK', 'GISLASON', '2/25/1988'), 	
(1768, 'EMIL', 'HALLFREDSSON', '6/29/1984'), 	
(1769, 'ARNOR', 'TRAUSTASON', '4/30/1993'), 	
(1770, 'JON', 'BODVARSSON', '5/25/1992'), 	
(1771, 'ARI', 'SKULASON', '5/14/1987'), 	
(1772, 'ALI', 'BEIRANVAND', '9/21/1992'), 	
(1773, 'MEHDI', 'TORABI', '10/9/1994'), 	
(1775, 'ROOZBEH', 'CHESHMI', '7/24/1993'), 	
(1776, 'MILAD', 'MOHAMMADI', '9/29/1993'), 	
(1777, 'SAEID', 'EZATOLAHI', '1/10/1996'), 	
(1778, 'MASOUD', 'SHOJAEI', '9/6/1984'), 	
(1779, 'MORTEZA', 'POURALIGANJI', '4/19/1992'), 	
(1780, 'OMID', 'EBRAHIMI', '9/16/1987'), 	
(1782, 'VAHID', 'AMIRI', '2/4/1988'), 	
(1783, 'RASHID', 'MAZAHERI', '5/18/1989'), 	
(1784, 'MOHAMMAD REZA', 'KHANZADEH', '11/5/1991'), 	
(1785, 'SAMAN', 'GHODDOS', '6/9/1993'), 	
(1788, 'MEHDI', 'TAREMI', '7/18/1992'), 	
(1791, 'SARDAR', 'AZMOUN', '1/1/1995'), 	
(1793, 'AMIR', 'ABEDZADEH', '4/26/1993'), 	
(1794, 'RAMIN', 'REZAEIAN', '3/21/1990'), 	
(1796, 'NAOMICHI', 'UEDA', '10/24/1994'), 	
(1797, 'GEN', 'SHOJI', '11/12/1992')   /*OK*/

INSERT INTO JUGADOR 
(ID_JUGADOR, NOMBRE_JUG, APELLIDO_JUG, FECHA_DE_NAC) 
VALUES 
(1801, 'GAKU', 'SHIBASAKI', '5/28/1992'), 	
(1802, 'GENKI', 'HARAGUCHI', '9/5/1991'), 	
(1805, 'TAKASHI', 'USAMI', '6/5/1992'), 	
(1806, 'MASAAKI', 'HIGASHIGUCHI', '12/5/1986'), 	
(1807, 'YOSHINORI', 'MUTO', '7/15/1992'), 	
(1808, 'TAKASHI', 'INUI', '2/6/1988'), 	
(1812, 'RYOTA', 'OSHIMA', '1/23/1993'), 	
(1813, 'HIROKI', 'SAKAI', '12/4/1990'), 	
(1814, 'TOMOAKI', 'MAKINO', '11/5/1987'), 	
(1817, 'KOSUKE', 'NAKAMURA', '2/27/1995'), 	
(1818, 'SEUNGGYU', 'KIM', '9/30/1990'), 	
(1821, 'BANSUK', 'OH', '5/20/1988'), 	
(1822, 'YOUNGSUN', 'YUN', '4/10/1988'), 	
(1825, 'SEJONG', 'JU', '10/30/1990'), 	
(1827, 'SEUNGWOO', 'LEE', '6/1/1998'), 	
(1828, 'HEECHAN', 'HWANG', '1/26/1996'), 	
(1829, 'MINWOO', 'KIM', '2/25/1990'), 	
(1831, 'CHUL', 'HONG', '9/17/1990'), 	
(1832, 'WOOYOUNG', 'JUNG', '12/14/1989'), 	
(1834, 'JAESUNG', 'LEE', '10/8/1992'), 	
(1835, 'SEONMIN', 'MOON', '9/6/1992'), 	
(1837, 'HYUNSOO', 'JANG', '9/28/1991'), 	
(1838, 'JINHYEON', 'KIM', '6/7/1987'), 	
(1839, 'YOHAN', 'GO', '10/3/1988'), 	
(1840, 'HYEONWOO', 'JO', '9/25/1991'), 	
(1842, 'HUGO', 'AYALA', '3/31/1987'), 	
(1846, 'JONATHAN', 'DOS SANTOS', '4/26/1990'), 	
(1856, 'HECTOR', 'HERRERA', '4/19/1990'), 	
(1857, 'JESUS', 'CORONA', '6/1/1993'), 	
(1861, 'EDSON', 'ALVAREZ', '10/24/1997'), 	
(1862, 'HIRVING', 'LOZANO', '7/30/1995'), 	
(1863, 'JESUS', 'GALLARDO', '8/15/1994'), 	
(1864, 'YASSINE', 'BOUNOU', '5/4/1991'), 	
(1865, 'ACHRAF', 'HAKIMI', '4/11/1998'), 	
(1866, 'HAMZA', 'MENDYL', '10/21/1997'), 	
(1867, 'MANUEL', 'DA COSTA', '6/5/1986'), 	
(1868, 'MEHDI', 'BENATIA', '4/17/1987'), 	
(1869, 'ROMAIN', 'SAISS', '3/26/1990'), 	
(1870, 'HAKIM', 'ZIYACH', '3/19/1993'), 	
(1871, 'KARIM', 'EL AHMADI', '1/27/1985'), 	
(1872, 'AYOUB', 'EL KAABI', '6/25/1993'), 	
(1873, 'YOUNES', 'BELHANDA', '2/25/1990'), 	
(1874, 'FAYCAL', 'FAJR', '1/8/1988'), 	
(1875, 'MONIR', 'EL KAJOUI', '10/5/1989'),
(1876, 'KHALID', 'BOUTAIB', '4/24/1987'), 	
(1877, 'MBARK', 'BOUSSOUFA', '8/15/1984'), 	
(1878, 'YOUSSEF', 'AIT BENASSER', '7/7/1996'), 	
(1879, 'NOUREDDINE', 'AMRABAT', '3/31/1987'), 	
(1880, 'NABIL', 'DIRAR', '2/25/1986'), 	
(1881, 'AMINE', 'HARIT', '6/18/1997'), 	
(1882, 'NESYRI', 'EN', '6/1/1997'), 	
(1883, 'AZIZ', 'BOUHADDOUZ', '3/30/1987'), 	
(1884, 'SOFYAN', 'AMRABAT', '8/21/1996'), 	
(1885, 'AHMED', 'TAGNAOUTI', '5/4/1996'), 	
(1886, 'MEHDI', 'CARCELA', '1/7/1989'), 	
(1887, 'IKECHUKWU', 'EZENWA', '10/16/1988'), 	
(1888, 'BRYAN', 'IDOWU', '5/18/1992'), 	
(1890, 'ONYINYE', 'NDIDI', '12/16/1996'), 	
(1891, 'WILLIAM', 'EKONG', '1/9/1993'), 	
(1892, 'LEON', 'BALOGUN', '6/28/1988'), 	
(1894, 'OGHENEKARO', 'ETEBO', '9/11/1995'), 	
(1895, 'ODION', 'IGHALO', '6/16/1989'), 	
(1898, 'ABDULLAHI', 'SHEHU', '12/3/1993'), 	
(1899, 'SIMEON', 'NWANKWO', '7/5/1992'), 	
(1900, 'KELECHI', 'IHEANACHO', '10/3/1996'), 	
(1901, 'JOEL', 'OBI', '5/22/1991'), 	
(1902, 'DANIEL', 'AKPEYI', '8/3/1986'), 	
(1904, 'ALEX', 'IWOBI', '3/5/1996'), 	
(1905, 'JOHN', 'OGU', '4/20/1988'), 	
(1906, 'CHIDOZIE', 'AWAZIEM', '1/1/1997'), 	
(1907, 'TYRONNE', 'EBUEHI', '12/16/1995'), 	
(1909, 'FRANCIS', 'UZOHO', '10/28/1998'), 	
(1910, 'JAIME', 'PENEDO', '9/26/1981'), 	
(1911, 'MICHAEL', 'MURILLO', '11/2/1996'), 	
(1912, 'HAROLD', 'CUMMINGS', '1/3/1992'), 	
(1913, 'FIDEL', 'ESCOBAR', '9/1/1995'), 	
(1914, 'ROMAN', 'TORRES', '3/20/1986'), 	
(1915, 'GABRIEL', 'GOMEZ', '5/29/1984'), 	
(1916, 'BLAS', 'PEREZ', '3/13/1981'), 	
(1917, 'EDGAR', 'BARCENAS', '10/23/1993'), 	
(1918, 'GABRIEL', 'TORRES', '10/31/1988'), 	
(1919, 'ISMAEL', 'DIAZ', '12/5/1997'), 	
(1920, 'ARMANDO', 'COOPER', '11/26/1987'), 	
(1921, 'JOSE', 'CALDERON', '8/14/1985'), 	
(1922, 'ADOLFO', 'MACHADO', '2/14/1985'), 	
(1923, 'VALENTIN', 'PIMENTEL', '5/30/1991'), 	
(1924, 'ERIC', 'DAVIS', '3/31/1991'), 	
(1925, 'ABDIEL', 'ARROYO', '12/13/1993'), 	
(1926, 'LUIS', 'OVALLE', '7/9/1988'), 	
(1927, 'LUIS', 'TEJADA', '3/28/1982'), 	
(1928, 'ALBERTO', 'QUINTERO', '12/18/1987'), 	
(1929, 'ANIBAL', 'GODOY', '10/2/1990'), 	
(1930, 'JOSE LUIS', 'RODRIGUEZ', '6/19/1998'), 	
(1931, 'ALEX', 'RODRIGUEZ', '5/8/1990'), 	
(1932, 'FELIPE', 'BALOY', '2/24/1981'), 	
(1933, 'PEDRO', 'GALLESE', '2/23/1990'), 	
(1934, 'ALBERTO', 'RODRIGUEZ', '3/31/1984'), 	
(1935, 'ALDO', 'CORZO', '5/20/1989'), 	
(1936, 'ANDERSON', 'SANTAMARIA', '10/1/1992'), 	
(1937, 'MIGUEL', 'ARAUJO', '10/24/1994'), 	
(1938, 'MIGUEL', 'TRAUCO', '8/25/1992'), 	
(1939, 'PAOLO', 'HURTADO', '7/27/1990'), 	
(1940, 'CHRISTIAN', 'CUEVA', '11/23/1991'), 	
(1941, 'PAOLO', 'GUERRERO', '1/1/1984'), 	
(1942, 'JEFFERSON', 'FARFAN', '10/26/1984'), 	
(1943, 'RAUL', 'RUIDIAZ', '7/25/1990'), 	
(1944, 'CARLOS', 'CACEDA', '9/27/1991'), 	
(1945, 'RENATO', 'TAPIA', '7/28/1995'), 	
(1946, 'ANDY', 'POLO', '9/29/1994')/*OK*/

INSERT INTO JUGADOR 
(ID_JUGADOR, NOMBRE_JUG, APELLIDO_JUG, FECHA_DE_NAC) 
VALUES 
(1947, 'CHRISTIAN', 'RAMOS', '4/11/1988'), 	
(1948, 'WILDER', 'CARTAGENA', '9/23/1994'), 	
(1949, 'LUIS', 'ADVINCULA', '2/3/1990'), 	
(1950, 'ANDRE', 'CARRILLO', '6/14/1991'), 	
(1951, 'YOSHIMAR', 'YOTUN', '7/4/1990'), 	
(1952, 'EDISON', 'FLORES', '5/14/1994'), 	
(1953, 'JOSE', 'CARVALLO', '1/3/1986'), 	
(1954, 'NILSON', 'LOYOLA', '10/26/1994'), 	
(1955, 'PEDRO', 'AQUINO', '4/13/1995'), 	
(1956, 'WOJCIECH', 'SZCZESNY', '4/18/1990'), 	
(1957, 'MICHAL', 'PAZDAN', '9/21/1987'), 	
(1958, 'ARTUR', 'JEDRZEJCZYK', '4/11/1987'), 	
(1959, 'THIAGO', 'CIONEK', '4/21/1986'), 	
(1960, 'JAN', 'BEDNAREK', '12/4/1996'), 	
(1961, 'JACEK', 'GORALSKI', '9/21/1992'), 	
(1962, 'ARKADIUSZ', 'MILIK', '2/28/1994'), 	
(1963, 'KAROL', 'LINETTY', '2/2/1995'), 	
(1964, 'ROBERT', 'LEWANDOWSKI', '8/21/1988'), 	
(1965, 'GRZEGORZ', 'KRYCHOWIAK', '1/29/1990'), 	
(1966, 'KAMIL', 'GROSICKI', '8/6/1988'), 	
(1967, 'BARTOSZ', 'BIALKOWSKI', '6/7/1987'), 	
(1968, 'MACIEJ', 'RYBUS', '8/19/1989'), 	
(1969, 'LUKASZ', 'TEODORCZYK', '3/6/1991'), 	
(1970, 'KAMIL', 'GLIK', '3/2/1988'), 	
(1971, 'JAKUB', 'BLASZCZYKOWSKI', '12/14/1985'), 	
(1972, 'SLAWOMIR', 'PESZKO', '2/19/1985'), 	
(1973, 'BARTOSZ', 'BERESZYNSKI', '12/7/1992'), 	
(1974, 'PIOTR', 'ZIELINSKI', '5/20/1994'), 	
(1975, 'LUKASZ', 'PISZCZEK', '3/6/1985'), 	
(1976, 'RAFAL', 'KURZAWA', '1/29/1993'), 	
(1977, 'LUKASZ', 'FABIANSKI', '4/18/1985'), 	
(1978, 'DAWID', 'KOWNACKI', '3/14/1997'), 	
(1979, 'PATRICIO', 'RUI', '2/15/1988'), 	
(1982, 'MANUEL', 'FERNANDES', '5/2/1986'), 	
(1983, 'RAPHAEL', 'GUERREIRO', '12/22/1993'), 	
(1984, 'JAOSE', 'FONTE', '12/22/1983'), 	
(1987, 'ANDRE', 'SILVA', '6/11/1995'), 	
(1988, 'JOAO', 'MARIO', '1/19/1993'), 	
(1989, 'BERNARDO', 'SILVA', '10/8/1994'), 	
(1990, 'ANTHONY', 'LOPES', '1/10/1990'), 	
(1991, 'RUBEN', 'DIAS', '5/14/1997'), 	
(1993, 'RICARDO', 'RICARDO', '6/10/1993'), 	
(1994, 'BRUNO', 'FERNANDES', '8/9/1994'), 	
(1995, 'GONCALO', 'GUEDES', '11/29/1996'), 	
(1996, 'GELSON', 'MARTINS', '11/5/1995'), 	
(1997, 'MARIO', 'RUI', '5/27/1991'), 	
(1998, 'RICARDO', 'QUARESMA', '9/26/1983'), 	
(1999, 'CEDRIC', 'CEDRIC', '8/31/1991'), 	
(2001, 'ADRIEN', 'SILVA', '3/15/1989'), 	
(2003, 'MARIO', 'FERNANDES', '9/19/1990'), 	
(2004, 'ILYA', 'KUTEPOV', '7/29/1993'), 	
(2007, 'DENIS', 'CHERYSHEV', '12/26/1990'), 	
(2008, 'DALER', 'KUZIAEV', '1/15/1993'), 	
(2009, 'IURY', 'GAZINSKY', '7/20/1989'), 	
(2011, 'FEDOR', 'SMOLOV', '9/2/1990'), 	
(2012, 'ROMAN', 'ZOBNIN', '11/2/1994'), 	
(2013, 'ANDREI', 'LUNEV', '11/13/1991'), 	
(2014, 'FEDOR', 'KUDRIASHOV', '5/4/1987'), 	
(2016, 'ALEXEY', 'MIRANCHUK', '10/17/1995'), 	
(2017, 'ANTON', 'MIRANCHUK', '10/17/1995'), 	
(2018, 'ALEKSANDR', 'GOLOVIN', '5/30/1996'), 	
(2019, 'YURY', 'ZHIRKOV', '8/20/1983'), 	
(2021, 'VLADIMIR', 'GABULOV', '10/19/1983'), 	
(2022, 'ALEKSANDR', 'EROKHIN', '10/13/1989'), 	
(2023, 'ARTEM', 'DZYUBA', '8/22/1988'), 	
(2024, 'IGOR', 'SMOLNIKOV', '8/8/1988'), 	
(2025, 'ABDULLAH', 'ALMUAIOUF', '1/23/1987'), 	
(2026, 'MANSOUR', 'ALHARBI', '10/19/1987'), 	
(2027, 'OSAMA', 'HAWSAWI', '3/31/1984'), 	
(2028, 'ALI', 'ALBULAYHI', '11/21/1989'), 	
(2029, 'OMAR', 'OTHMAN', '9/27/1985'), 	
(2030, 'MOHAMMED', 'ALBURAYK', '9/15/1992'), 	
(2031, 'SALMAN', 'ALFARAJ', '1/8/1989'), 	
(2032, 'YAHIA', 'ALSHEHRI', '6/26/1990'), 	
(2033, 'HATAN', 'BAHBIR', '7/16/1992'), 	
(2034, 'MOHAMMED', 'ALSAHLAWI', '10/1/1987'), 	
(2035, 'ABDULMALEK', 'ALKHAIBRI', '3/13/1986'), 	
(2036, 'MOHAMED', 'KANNO', '9/22/1994'), 	
(2037, 'YASIR', 'ALSHAHRANI', '5/25/1992'), 	
(2038, 'ABDULLAH', 'OTAYF', '3/8/1992'), 	
(2039, 'ABDULLAH', 'ALKHAIBARI', '8/16/1996'), 	
(2040, 'HUSSAIN', 'ALMOQAHWI', '3/24/1988'), 	
(2041, 'TAISEER', 'ALJASSAM', '7/25/1984'), 	
(2042, 'SALEM', 'ALDAWSARI', '8/19/1991'), 	
(2043, 'FAHAD', 'ALMUWALLAD', '9/14/1994'), 	
(2044, 'MUHAMMAD', 'ASIRI', '10/14/1986'), 	
(2045, 'YASSER', 'ALMOSAILEM', '2/27/1984'), 	
(2046, 'MOHAMMED', 'ALOWAIS', '10/10/1991'), 	
(2047, 'MOTAZ', 'HAWSAWI', '2/17/1992'), 	
(2048, 'ABDOULAYE', 'DIALLO', '3/30/1992'), 	
(2049, 'SALIOU', 'CISS', '6/15/1989'), 	
(2050, 'KALIDOU', 'KOULIBALY', '6/20/1991'), 	
(2051, 'KARA', 'MBODJI', '11/22/1989'), 	
(2052, 'IDRISSA GANA', 'GUEYE', '9/26/1989'),
(2053, 'SALIF', 'SANE', '8/25/1990'), 	
(2054, 'MOUSSA', 'SOW', '1/19/1986'), 	
(2055, 'CHEIKHOU', 'KOUYATE', '12/21/1989'), 	
(2056, 'MAME', 'DIOUF', '12/16/1987'), 	
(2057, 'SADIO', 'MANE', '10/4/1992'), 	
(2058, 'CHEIKH', 'NDOYE', '3/29/1986'), 	
(2059, 'YOUSSOUF', 'SABALY', '5/3/1993'), 	
(2060, 'ALFRED', 'NDIAYE', '6/3/1990'), 	
(2061, 'MOUSSA', 'KONATE', '3/4/1993'), 	
(2062, 'DIAFRA', 'SAKHO', '12/24/1989'), 	
(2063, 'KHADIM', 'NDIAYE', '5/4/1985'), 	
(2064, 'PAPE ALIOUNE', 'NDIAYE', '10/27/1990'), 	
(2065, 'ISMAILA', 'SARR', '2/25/1998'), 	
(2066, 'MBAYE', 'NIANG', '12/19/1994'), 	
(2067, 'KEITA', 'BALDE', '8/3/1995'), 	
(2068, 'LAMINE', 'GASSAMA', '10/20/1989'), 	
(2069, 'MOUSSA', 'WAGUE', '4/10/1998'), 	
(2070, 'ALFRED', 'GOMIS', '5/9/1993'), 	
(2074, 'LUKA', 'MILIVOJEVIC', '7/4/1991'), 	
(2075, 'UROS', 'SPAJIC', '2/13/1993'), 	
(2077, 'ANDRIJA', 'ZIVKOVIC', '11/7/1996'), 	
(2078, 'ALEKSANDAR', 'PRIJOVIC', '4/21/1990'), 	
(2079, 'ALEKSANDAR', 'MITROVIC', '9/16/1994'), 	
(2080, 'DUSAN', 'TADIC', '11/20/1988'), 	
(2082, 'PREDRAG', 'RAJKOVIC', '10/31/1995'), 	
(2083, 'MILOS', 'VELJKOVIC', '9/26/1995'), 	
(2084, 'MILAN', 'RODIC', '2/4/1991'), 	
(2085, 'NIKOLA', 'MILENKOVIC', '12/10/1997'), 	
(2086, 'MARKO', 'GRUJIC', '4/13/1996'), 	
(2087, 'FILIP', 'KOSTIC', '1/11/1992'), 	
(2088, 'NEMANJA', 'RADONJIC', '2/15/1996'), 	
(2089, 'LUKA', 'JOVIC', '12/23/1997'), 	
(2090, 'SERGEJ', 'MILINKOVIC-SAVIC', '2/27/1995'), 	
(2091, 'NEMANJA', 'MATIC', '1/8/1988'), 	
(2092, 'ADEM', 'LJAJIC', '9/29/1991'), 	
(2093, 'MARKO', 'DMITROVIC', '1/24/1992'), 	
(2095, 'DANI', 'CARVAJAL', '11/1/1992'), 	
(2097, 'NACHO', 'NACHO', '1/18/1990'), 	
(2100, 'SAUL', 'SAUL', '11/21/1994'), 	
(2102, 'RODRIGO', 'RODRIGO', '6/3/1991'), 	
(2103, 'THIAGO', 'THIAGO', '11/4/1991'), 	
(2104, 'LUCAS', 'VAZQUEZ', '1/7/1991'), 	
(2105, 'ALVARO', 'ODRIOZOLA', '12/14/1995'), 	
(2106, 'KEPA', 'ARRIZABALAGA', '3/10/1994'), 	
(2109, 'NACHO', 'MONREAL', '2/26/1986'), 	
(2110, 'IAGO', 'ASPAS', '1/8/1987'), 	
(2113, 'MARCO', 'ASENSIO', '1/21/1996'), 	
(2115, 'ISCO', 'ISCO', '4/21/1992'), 	
(2117, 'ROBIN', 'OLSEN', '8/1/1990'), 	
(2118, 'MIKAEL', 'LUSTIG', '12/13/1986'), 	
(2119, 'VICTOR', 'LINDELOF', '7/17/1994'), 	
(2120, 'ANDREAS', 'GRANQVIST', '4/16/1985'), 	
(2121, 'MARTIN', 'OLSSON', '5/17/1988'), 	
(2122, 'LUDWIG', 'AUGUSTINSSON', '4/21/1994'), 	
(2123, 'SEBASTIAN', 'LARSSON', '6/6/1985'), 	
(2124, 'ALBIN', 'EKDAL', '7/28/1989'), 	
(2125, 'MARCUS', 'BERG', '8/17/1986'), 	
(2126, 'EMIL', 'FORSBERG', '10/23/1991'), 	
(2127, 'JOHN', 'GUIDETTI', '4/15/1992'), 	
(2128, 'KARL-JOHAN', 'JOHNSSON', '1/28/1990'), 	
(2129, 'GUSTAV', 'SVENSSON', '7/2/1987'), 	
(2130, 'FILIP', 'HELANDER', '4/22/1993'), 	
(2131, 'OSCAR', 'HILJEMARK', '6/28/1992'), 	
(2132, 'EMIL', 'KRAFTH', '2/8/1994'), 	
(2133, 'VIKTOR', 'CLAESSON', '2/1/1992'), 	
(2134, 'PONTUS', 'JANSSON', '2/13/1991'), 	
(2135, 'MARCUS', 'ROHDEN', '11/5/1991'), 	
(2136, 'OLA', 'TOIVONEN', '3/7/1986'), 	
(2137, 'JIMMY', 'DURMAZ', '3/22/1989'), 	
(2138, 'ISAAC KIESE', 'THELIN', '6/24/1992'), 	
(2139, 'KRISTOFFER', 'NORDFELDT', '6/23/1989'), 	
(2142, 'FRANCOIS', 'MOUBANDJE', '6/21/1990'), 	
(2143, 'NICO', 'ELVEDI', '9/30/1996'), 	
(2144, 'MANUEL', 'AKANJI', '7/19/1995'), 	
(2146, 'BREEL', 'EMBOLO', '2/14/1997'), 	
(2147, 'REMO', 'FREULER', '4/15/1992'), 	
(2151, 'YVON', 'MVOGO', '6/6/1994'), 	
(2153, 'STEVEN', 'ZUBER', '8/17/1991'), 	
(2156, 'DENIS', 'ZAKARIA', '11/20/1996'), 	
(2163, 'FAROUK', 'BEN MUSTAPHA', '1/7/1989'), 	
(2164, 'SYAM', 'BEN YOUSSEF', '3/31/1989'), 	
(2165, 'YOHAN', 'BEN ALOUANE', '3/28/1987'), 	
(2166, 'YASSINE', 'MERIAH', '2/7/1993'), 	
(2167, 'OUSSAMA', 'HADDADI', '1/28/1992'), 	
(2168, 'RAMI', 'BEDOUI', '1/19/1990'), 	
(2169, 'SAIFEDDINE', 'KHAOUI', '4/27/1995'), 	
(2170, 'FAKHREDDINE', 'BEN YOUSSEF', '6/23/1991'), 	
(2171, 'ANICE', 'BADRI', '9/18/1990'), 	
(2172, 'WAHBI', 'KHAZRI', '8/2/1991'), 	
(2173, 'DYLAN', 'BRONN', '6/19/1995'), 	
(2174, 'ALI', 'MAALOUL', '1/1/1990'), 	
(2175, 'FERJANI', 'SASSI', '3/18/1992'), 	
(2176, 'MOHAMED', 'BEN AMOR', '3/5/1992'), 	
(2177, 'AHMED', 'KHALIL', '12/21/1994'), 	
(2178, 'AYMEN', 'MATHLOUTHI', '9/14/1984'), 	
(2179, 'ELLYES', 'SKHIRI', '10/5/1995'), 	
(2180, 'BASSEM', 'SRARFI', '6/25/1997'), 	
(2181, 'SABER', 'KHALIFA', '10/14/1986'), 	
(2182, 'GHAYLEN', 'CHAALELI', '2/28/1994'), 	
(2183, 'HAMDI', 'NAGUEZ', '10/28/1992'), 	
(2184, 'MOUEZ', 'HASSEN', '5/3/1995'), 	
(2185, 'NAIM', 'SLITI', '7/27/1992'), 	
(2189, 'GUILLERMO', 'VARELA', '3/24/1993'), 	
(2190, 'CARLOS', 'SANCHEZ', '2/12/1984'), 	
(2191, 'RODRIGO', 'BENTANCUR', '6/25/1997'), 	
(2193, 'NAHITAN', 'NANDEZ', '12/28/1995'), 	
(2195, 'GIORGIAN', 'DE ARRASCAETA', '1/6/1994'), 	
(2197, 'MARTIN', 'CAMPANA', '5/29/1989'), 	
(2198, 'GASTON', 'SILVA', '5/3/1994'), 	
(2199, 'LUCAS', 'TORREIRA', '11/2/1996'), 	
(2200, 'MATIAS', 'VECINO', '8/24/1991'), 	
(2202, 'DIEGO', 'LAXALT', '7/2/1993'), 	
(2203, 'MAXIMILIANO', 'GOMEZ', '8/14/1996'), 	
(2205, 'JONATHAN', 'URRETAVISCAYA', '3/19/1990'); /*OK*/



INSERT INTO SELECCION 
(ID_SELECCION, NOMBRE_SELECCION, TARJETA_AMARILLA, TARJETA_ROJA, ID_PAIS, ANIO, ID_DT)
VALUES 
(1, 'ARGELIA', 6, 2, 8, 2010, 1), 
(2, 'ARGENTINA', 7, 0, 9, 2010, 2), 
(3, 'AUSTRALIA', 7, 2, 11, 2010, 3), 
(4, 'BRASIL', 8, 2, 26, 2010, 4), 
(5, 'CAMERUN', 5, 0, 34, 2010, 5), 
(6, 'CHILE', 14, 1, 38, 2010, 6), 
(7, 'COSTA DE MARFIL', 5, 0, 46, 2010, 7), 
(8, 'DINAMARCA', 6, 0, 50, 2010, 8), 
(9, 'INGLATERRA', 6, 0, 142, 2010, 9), 
(10, 'FRANCIA', 6, 1, 66, 2010, 10), 
(11, 'ALEMANIA', 12, 1, 3, 2010, 11), 
(12, 'GHANA', 11, 0, 70, 2010, 12), 
(13, 'GRECIA', 5, 0, 72, 2010, 13), 
(14, 'HONDURAS', 7, 0, 79, 2010, 14), 
(15, 'ITALIA', 5, 0, 90, 2010, 15), 
(16, 'JAPON', 7, 0, 92, 2010, 16), 
(17, 'COREA DEL NORTE', 2, 0, 44, 2010, 17), 
(18, 'COREA DEL SUR', 6, 0, 45, 2010, 18), 
(19, 'MEXICO', 9, 0, 117, 2010, 19), 
(20, 'PAISES BAJOS', 23, 1, 133, 2010, 20), 
(21, 'NUEVA ZELANDA', 6, 0, 131, 2010, 21), 
(22, 'NIGERIA', 5, 1, 129, 2010, 22), 
(23, 'PARAGUAY', 9, 0, 138, 2010, 23), 
(24, 'PORTUGAL', 8, 1, 141, 2010, 24), 
(25, 'SERBIA', 9, 1, 160, 2010, 25), 
(26, 'ESLOVEQUIA', 11, 0, 57, 2010, 26), 
(27, 'ESLOVENIA', 9, 0, 58, 2010, 27), 
(28, 'SUDAFRICA', 4, 1, 149, 2010, 28), 
(29, 'ESPAÑA', 8, 0, 59, 2010, 29), 
(30, 'SUIZA', 8, 1, 171, 2010, 30), 
(31, 'URUGUAY', 10, 2, 186, 2010, 31), 
(32, 'ESTADOS UNIDOS', 9, 0, 60, 2010, 32), 
(33, 'ARGELIA', 6, 0, 8, 2014, 33), 
(34, 'ARGENTINA', 8, 0, 9, 2014, 34), 
(35, 'AUSTRALIA', 6, 0, 11, 2014, 35), 
(36, 'BELGICA', 7, 1, 18, 2014, 36), 
(37, 'BOSNIA HERZEGOVINA', 3, 0, 24, 2014, 37), 
(38, 'BRASIL', 14, 0, 26, 2014, 38), 
(39, 'CAMERUN', 4, 1, 34, 2014, 39), 
(40, 'CHILE', 7, 0, 38, 2014, 40), 
(41, 'COLOMBIA', 5, 0, 42, 2014, 41), 
(42, 'COSTA RICA', 10, 1, 47, 2014, 42), 
(43, 'COSTA DE MARFIL', 7, 0, 46, 2014, 43), 
(44, 'CROACIA', 4, 1, 48, 2014, 44), 
(45, 'ECUADOR', 7, 1, 52, 2014, 14), 
(46, 'INGLATERRA', 4, 0, 142, 2014, 45), 
(47, 'FRANCIA', 5, 0, 66, 2014, 46), 
(48, 'ALEMANIA', 6, 0, 3, 2014, 11), 
(49, 'GHANA', 6, 0, 70, 2014, 47),       /*---------------------------------------------------------------*/
(50, 'GRECIA', 6, 1, 72, 2014, 48), 
(51, 'HONDURAS', 5, 1, 79, 2014, 49), 
(52, 'IRAN', 5, 1, 84, 2014, 24), 
(53, 'ITALIA', 3, 1, 90, 2014, 50), 
(54, 'JAPON', 4, 0, 92, 2014, 51), 
(55, 'COREA DEL SUR', 6, 0, 45, 2014, 52), 
(56, 'MEXICO', 8, 0, 117, 2014, 53), 
(57, 'PAISES BAJOS', 11, 0, 133, 2014, 54), 
(58, 'NIGERIA', 3, 0, 129, 2014, 55), 
(59, 'PORTUGAL', 2, 1, 141, 2014, 56), 
(60, 'RUSIA', 4, 0, 152, 2014, 9), 
(61, 'ESPAÑA', 3, 0, 59, 2014, 29), 
(62, 'SUIZA', 3, 0, 171, 2014, 30), 
(63, 'URUGUAY', 8, 1, 186, 2014, 31), 
(64, 'ESTADOS UNIDOS', 4, 0, 60, 2014, 57), 
(65, 'ARGENTINA', 11, 0, 9, 2018, 40), 
(66, 'AUSTRALIA', 7, 0, 11, 2018, 20), 
(67, 'BELGICA', 11, 0, 18, 2018, 58), 
(68, 'BRASIL', 7, 0, 26, 2018, 59), 
(69, 'COLOMBIA', 9, 1, 42, 2018, 41),
(70, 'COSTA RICA', 6, 0, 47, 2018, 60), 
(71, 'CROACIA', 15, 0, 48, 2018, 61), 
(72, 'DINAMARCA', 6, 0, 50, 2018, 62), 
(73, 'EGIPTO', 5, 0, 53, 2018, 63), 
(74, 'INGLATERRA', 8, 0, 142, 2018, 64), 
(75, 'FRANCIA', 12, 0, 66, 2018, 46), 
(76, 'ALEMANIA', 2, 1, 3, 2018, 11), 
(77, 'ISLANDIA', 3, 0, 86, 2018, 65), 
(78, 'IRAN', 7, 0, 84, 2018, 24), 
(79, 'JAPON', 5, 0, 92, 2018, 66), 
(80, 'COREA DEL SUR', 10, 0, 45, 2018, 67), 
(81, 'MEXICO', 9, 0, 117, 2018, 68), 
(82, 'MARRUECOS', 8, 0, 114, 2018, 69), 
(83, 'NIGERIA', 4, 0, 129, 2018, 70), 
(84, 'PANAMA', 11, 0, 136, 2018, 71),
(85, 'PERU', 5, 0, 139, 2018, 72), 
(86, 'POLONIA', 3, 0, 140, 2018, 73), 
(87, 'PORTUGAL', 7, 0, 141, 2018, 48), 
(88, 'RUSIA', 6, 1, 152, 2018, 74), 
(89, 'ARABIA SAUDITA', 1, 0, 7, 2018, 75), 
(90, 'SENEGAL', 6, 0, 159, 2018, 76), 
(91, 'SERBIA', 9, 0, 160, 2018, 77),
(92, 'ESPAÑA', 2, 0, 59, 2018, 78), 
(93, 'SUECIA', 8, 1, 170,2018, 79 ), 
(94, 'SUIZA', 9, 0, 171, 2018, 80), 
(95, 'TUNEZ', 4, 0, 180, 2018, 81), 
(96, 'URUGUAY', 3, 0, 186, 2018, 31); /*OK*/



INSERT INTO PARTIDO(ID_PARTIDO,
FECHA_PART,
HORA_PART,
ID_INSTANCIA,
ID_ESTADIO,
ID_SELECCION_LOCAL,
ID_SELECCION_VISITANTE)
VALUES
(1  ,'06-11-2010','16:00',1,25,28,19),
(2  ,'06-11-2010','20:30',1,26,31,10),
(3  ,'06-16-2010','20:30',1,29,28,31),
(4  ,'06-17-2010','20:30',1,31,10,19),
(5  ,'06-22-2010','16:00',1,34,19,31),
(6  ,'06-22-2010','16:00',1,33,10,28),
(7  ,'06-12-2010','16:00',1,28,2 ,19),
(8  ,'06-12-2010','13:30',1,30,18,13),
(9  ,'06-17-2010','16:00',1,33,13,22),
(10 ,'06-17-2010','13:30',1,25,2 ,18),
(11 ,'06-22-2010','20:30',1,27,22,18),
(12 ,'06-22-2010','20:30',1,31,13,2 ),
(13 ,'06-12-2010','20:30',1,34, 9,32),
(14 ,'06-13-2010','13:30',1,31,1 ,27),
(15 ,'06-18-2010','16:00',1,28,27,32),
(16 ,'06-18-2010','20:30',1,26,9 ,1 ),
(17 ,'06-23-2010','16:00',1,30,27,9 ),
(18 ,'06-23-2010','16:00',1,29,32, 1),
(19 ,'06-13-2010','20:30',1,27,11, 3),
(20 ,'06-13-2010','16:00',1,29,25,12),
(21 ,'06-18-2010','13:30',1,30,11,25),
(22 ,'06-19-2010','16:00',1,34,12, 3),
(23 ,'06-23-2010','20:30',1,25,12,11),
(24 ,'06-23-2010','20:30',1,32,3 ,25),
(25 ,'06-14-2010','13:30',1,25,20,8 ),
(26 ,'06-14-2010','16:00',1,33,16,5 ),
(27 ,'06-19-2010','13:30',1,27,20,16),
(28 ,'06-19-2010','20:30',1,29,5 , 8),
(29 ,'06-24-2010','20:30',1,34,8 ,16),
(30 ,'06-24-2010','20:30',1,26,5 ,20),
(31 ,'06-14-2010','20:30',1,26,15,23),
(32 ,'06-15-2010','13:30',1,34,21,26),
(33 ,'06-20-2010','13:30',1,33,26,23),
(34 ,'06-20-2010','16:00',1,32,15,21),
(35 ,'06-24-2010','16:00',1,28,26,15),
(36 ,'06-24-2010','16:00',1,31,23,21),
(37 ,'06-15-2010','16:00',1,30,7 ,24),
(38 ,'06-15-2010','16:00',1,28,4 ,17),
(39 ,'06-20-2010','20:30',1,25,4, 7 ),
(40 ,'06-21-2010','13:30',1,26,24,17),
(41 ,'06-25-2010','16:00',1,27,24,4 ),
(42 ,'06-25-2010','16:00',1,32,17,7 ),
(43 ,'06-16-2010','13:30',1,32,14, 6),
(44 ,'06-13-2010','16:00',1,27,29,30),
(45 ,'06-21-2010','16:00',1,30,6 ,30),
(46 ,'06-21-2010','16:00',1,28,29,14),
(47 ,'06-25-2010','20:30',1,29,6 ,29),
(48 ,'06-25-2010','20:30',1,33,30,14),
(49 ,'06-26-2010','16:00',2,30,31,18),
(50 ,'06-26-2010','20:30',2,34,32,12),
(51 ,'06-27-2010','16:00',2,33,11, 9),
(52 ,'06-27-2010','20:30',2,28,2 ,19),
(53 ,'06-28-2010','16:00',2,27,20,26),
(54 ,'06-28-2010','20:30',2,28,4 ,6 ),
(55 ,'06-29-2010','16:00',2,29,23,16),
(56 ,'06-29-2010','20:30',2,26,29,24),
(57 ,'07-02-2010','16:00',3,30,20,4 ),
(58 ,'07-02-2010','20:30',3,25,31,12),
(59 ,'07-03-2010','16:00',3,26,2 ,11),
(60 ,'07-03-2010','20:30',3,28,23,29),
(61 ,'07-06-2010','20:30',4,26,31,20),
(62 ,'07-07-2010','20:30',4,27,11,29),
(63 ,'07-10-2010','20:30',5,30,31,11),
(64 ,'07-11-2010','20:30',6,25,20,29),
(65 ,'06-14-2014','17:00',1,3 ,38,44),
(66 ,'06-13-2014','13:00',1,9 ,56,39),
(67 ,'06-13-2014','14:00',1,4 ,61,57),
(68 ,'06-13-2014','19:00',1,5 ,40,35),
(69 ,'06-14-2014','13:00',1,10,41,50),
(70 ,'06-14-2014','16:00',1,8 ,63,42),
(71 ,'06-14-2014','19:00',1,1 ,46,53),
(72 ,'06-14-2014','22:00',1,6 ,43,54),
(73 ,'06-15-2014','13:00',1,11,62,45),
(74 ,'06-15-2014','16:00',1,7 ,47,51),
(75 ,'06-15-2014','19:00',1,12,34,37),
(76 ,'06-16-2014','19:00',1,4 ,48,59),
(77 ,'06-16-2014','16:00',1,2 ,52,58),
(78 ,'06-16-2014','19:00',1,9 ,49,64),
(79 ,'06-17-2014','13:00',1,10,36,33),
(80 ,'06-17-2014','19:00',1,5 ,60,55),
(81 ,'06-17-2014','16:00',1,8 ,38,56),
(82 ,'06-18-2014','13:00',1,7 ,35,57),
(83 ,'06-18-2014','16:00',1,12,61,40),
(84 ,'06-18-2014','19:00',1,1 ,39,44),
(85 ,'06-19-2014','13:00',1,11,41,43),
(86 ,'06-19-2014','16:00',1,3 ,63,46),
(87 ,'06-19-2014','19:00',1,9 ,54,50),
(88 ,'06-20-2014','13:00',1,6 ,53,42),
(89 ,'06-20-2014','16:00',1,4 ,62,47),
(90 ,'06-20-2014','19:00',1,2 ,51,45),
(91 ,'06-21-2014','13:00',1,10,34,52),
(92 ,'06-21-2014','16:00',1,8 ,48,49),
(93 ,'06-21-2014','19:00',1,5 ,58,37),
(94 ,'06-22-2014','13:00',1,12,36,60),
(95 ,'06-22-2014','16:00',1,7 ,55,33),
(96 ,'06-22-2014','19:00',1,1 ,64,59),
(97 ,'06-23-2014','13:00',1,2 ,35,61),
(98 ,'06-23-2014','13:00',1,3 ,57,40),
(99 ,'06-23-2014','17:00',1,11,39,38),
(100,'06-23-2014','17:00',1,6 ,44,56),
(101,'06-24-2014','13:00',1,9 ,53,63),
(102,'06-24-2014','13:00',1,10,42,46),
(103,'06-24-2014','17:00',1,5 ,54,41),
(104,'06-24-2014','17:00',1,8 ,50,42),
(105,'06-25-2014','13:00',1,4 ,37,52),
(106,'06-25-2014','13:00',1,7 ,34,58),
(107,'06-25-2014','17:00',1,12,45,47),
(108,'06-25-2014','17:00',1,1 ,51,62),
(109,'06-26-2014','13:00',1,6 ,64,48),
(110,'06-26-2014','13:00',1,11,59,49),
(111,'06-26-2014','17:00',1,3 ,55,36),
(112,'06-26-2014','17:00',1,2 ,33,60),
(113,'06-28-2014','13:00',2,10,38,40),
(114,'06-28-2014','17:00',2,12,41,63),
(115,'06-29-2014','13:00',2,8 ,57,56),
(116,'06-29-2014','17:00',2,6 ,42,50),
(117,'06-30-2014','13:00',2,11,47,58),
(118,'06-30-2014','17:00',2,7 ,48,33),
(119,'07-01-2014','13:00',2,3 ,34,62),
(120,'07-01-2014','17:00',2,4 ,36,64),
(121,'07-04-2014','13:00',3,12,47,48),
(122,'07-04-2014','17:00',3,8 ,38,41),
(123,'07-05-2014','13:00',3,11,34,36),
(124,'07-05-2014','17:00',3,4 ,57,42),
(125,'07-08-2014','17:00',4,10,38,48),
(126,'07-09-2014','17:00',4,3 ,57,34),
(127,'07-12-2014','17:00',5,11,38,57),
(128,'07-13-2014','16:00',6,12,48,34),
(129,'06-14-2018','12:00',1,13,88,89),
(130,'06-15-2018','09:00',1,23,73,96),
(131,'06-15-2018','12:00',1,15,82,78),
(132,'06-15-2018','15:00',1,17,87,92),
(133,'06-16-2018','07:00',1,16,75,66),
(134,'06-16-2018','10:00',1,14,65,77),
(135,'06-16-2018','13:00',1,22,85,72),
(136,'06-16-2018','16:00',1,24,71,83),
(137,'06-17-2018','09:00',1,21,70,91),
(138,'06-17-2018','12:00',1,13,76,81),
(139,'06-17-2018','15:00',1,20,68,94),
(140,'06-18-2018','09:00',1,19,93,80),
(141,'06-18-2018','12:00',1,17,67,84),
(142,'06-18-2018','15:00',1,18,95,74),
(143,'06-19-2018','09:00',1,22,69,79),
(144,'06-19-2018','12:00',1,14,86,90),
(145,'06-19-2018','15:00',1,15,88,73),
(146,'06-20-2018','09:00',1,13,87,82),
(147,'06-20-2014','12:00',1,20,96,89),
(148,'06-20-2018','15:00',1,16,78,92),
(149,'06-21-2018','09:00',1,21,72,66),
(150,'06-21-2018','12:00',1,23,75,85),
(151,'06-21-2018','15:00',1,19,65,71),
(152,'06-22-2018','09:00',1,15,68,70),
(153,'06-22-2018','12:00',1,18,83,77),
(154,'06-22-2018','15:00',1,24,91,94),
(155,'06-23-2018','09:00',1,14,67,95),
(156,'06-23-2018','12:00',1,20,80,81),
(157,'06-23-2018','15:00',1,17,76,93),
(158,'06-24-2018','09:00',1,19,74,84),
(159,'06-24-2018','12:00',1,23,79,90),
(160,'06-24-2018','15:00',1,16,86,69),
(161,'06-25-2018','11:00',1,18,89,73),
(162,'06-25-2018','11:00',1,21,96,88),
(163,'06-25-2018','15:00',1,22,78,87),
(164,'06-25-2018','15:00',1,24,92,82),
(165,'06-26-2018','11:00',1,17,66,85),
(166,'06-26-2018','11:00',1,13,72,75),
(167,'06-26-2018','15:00',1,15,83,65),
(168,'06-26-2018','15:00',1,20,77,71),
(169,'06-27-2018','11:00',1,23,81,93),
(170,'06-27-2018','11:00',1,16,80,76),
(171,'06-27-2018','15:00',1,19,94,70),
(172,'06-27-2018','15:00',1,14,91,68),
(173,'06-28-2018','11:00',1,21,90,69),
(174,'06-28-2018','11:00',1,18,79,86),
(175,'06-28-2018','15:00',1,24,74,67),
(176,'06-28-2018','15:00',1,22,84,95),
(177,'06-30-2018','11:00',2,16,75,65),
(178,'06-30-2018','15:00',2,17,96,87),
(179,'07-01-2018','11:00',2,13,92,88),
(180,'07-01-2018','15:00',2,19,71,72),
(181,'07-02-2018','11:00',2,21,68,81),
(182,'07-02-2018','15:00',2,20,67,79),
(183,'07-03-2018','11:00',2,15,93,94),
(184,'07-03-2018','15:00',2,14,69,74),
(185,'07-06-2018','11:00',3,19,96,75),
(186,'07-06-2018','15:00',3,16,68,67),
(187,'07-07-2018','11:00',3,21,93,74),
(188,'07-07-2018','15:00',3,17,88,71),
(189,'07-10-2018','15:00',4,15,75,67),
(190,'07-11-2018','15:00',4,13,71,74),
(191,'07-14-2018','11:00',5,15,67,74),
(192,'07-15-2018','12:00',6,13,75,71);
   


INSERT INTO PERTENECE 
(ID_SELECCION, ID_JUGADOR, TITULARIDAD, NRO_CAMISETA) 
VALUES 
(1, 1, 'T', 1), 
(1, 2, 'T', 2), 
(1, 3, 'T', 3), 
(1, 4, 'T', 4), 
(1, 5, 'T', 5), 
(1, 6, 'T', 6), 
(1, 7, 'T', 7), 
(1, 8, 'T', 8), 
(1, 9, 'T', 9), 
(1, 10, 'T', 10), 
(1, 11, 'T', 11), 
(1, 12, 'S', 12), 
(1, 13, 'S', 13), 
(1, 14, 'S', 14), 
(1, 15, 'S', 15), 
(1, 16, 'S', 16), 
(1, 17, 'S', 17), 
(1, 18, 'S', 18), 
(1, 19, 'S', 19), 
(1, 20, 'S', 20), 
(1, 21, 'S', 21), 
(1, 22, 'S', 22), 
(1, 23, 'S', 23), 
(2, 24, 'T', 1), 
(2, 25, 'T', 2), 
(2, 26, 'T', 3), 
(2, 27, 'T', 4), 
(2, 28, 'T', 5), 
(2, 29, 'T', 6), 
(2, 30, 'T', 7), 
(2, 31, 'T', 8), 
(2, 32, 'T', 9), 
(2, 33, 'T', 10), 
(2, 34, 'T', 11), 
(2, 35, 'S', 12), 
(2, 36, 'S', 13), 
(2, 37, 'S', 14), 
(2, 38, 'S', 15), 
(2, 39, 'S', 16), 
(2, 40, 'S', 17), 
(2, 41, 'S', 18), 
(2, 42, 'S', 19), 
(2, 43, 'S', 20), 
(2, 44, 'S', 21), 
(2, 45, 'S', 22), 
(2, 46, 'S', 23), 
(3, 47, 'T', 1), 
(3, 48, 'T', 2), 
(3, 49, 'T', 3), 
(3, 50, 'T', 4), 
(3, 51, 'T', 5), 
(3, 52, 'T', 6), 
(3, 53, 'T', 7), 
(3, 54, 'T', 8), 
(3, 55, 'T', 9), 
(3, 56, 'T', 10), 
(3, 57, 'T', 11), 
(3, 58, 'S', 12), 
(3, 59, 'S', 13), 
(3, 60, 'S', 14), 
(3, 61, 'S', 15), 
(3, 62, 'S', 16), 
(3, 63, 'S', 17), 
(3, 64, 'S', 18), 
(3, 65, 'S', 19), 
(3, 66, 'S', 20), 
(3, 67, 'S', 21), 
(3, 68, 'S', 22), 
(3, 69, 'S', 23), 
(4, 70, 'T', 1), 
(4, 71, 'T', 2), 
(4, 72, 'T', 3), 
(4, 73, 'T', 4), 
(4, 74, 'T', 5), 
(4, 75, 'T', 6), 
(4, 76, 'T', 7), 
(4, 77, 'T', 8), 
(4, 78, 'T', 9), 
(4, 79, 'T', 10), 
(4, 80, 'T', 11), 
(4, 81, 'S', 12), 
(4, 82, 'S', 13), 
(4, 83, 'S', 14), 
(4, 84, 'S', 15), 
(4, 85, 'S', 16), 
(4, 86, 'S', 17), 
(4, 87, 'S', 18), 
(4, 88, 'S', 19), 
(4, 89, 'S', 20), 
(4, 90, 'S', 21), 
(4, 91, 'S', 22), 
(4, 92, 'S', 23), 
(5, 93, 'T', 1), 
(5, 94, 'T', 2), 
(5, 95, 'T', 3), 
(5, 96, 'T', 4), 
(5, 97, 'T', 5), 
(5, 98, 'T', 6), 
(5, 99, 'T', 7), 
(5, 100, 'T', 8), 
(5, 101, 'T', 9), 
(5, 102, 'T', 10), 
(5, 103, 'T', 11), 
(5, 104, 'S', 12), 
(5, 105, 'S', 13), 
(5, 106, 'S', 14), 
(5, 107, 'S', 15), 
(5, 108, 'S', 16), 
(5, 109, 'S', 17), 
(5, 110, 'S', 18), 
(5, 111, 'S', 19), 
(5, 112, 'S', 20), 
(5, 113, 'S', 21), 
(5, 114, 'S', 22), 
(5, 115, 'S', 23), 
(6, 116, 'T', 1), 
(6, 117, 'T', 2), 
(6, 118, 'T', 3), 
(6, 119, 'T', 4), 
(6, 120, 'T', 5), 
(6, 121, 'T', 6), 
(6, 122, 'T', 7), 
(6, 123, 'T', 8), 
(6, 124, 'T', 9), 
(6, 125, 'T', 10), 
(6, 126, 'T', 11), 
(6, 127, 'S', 12), 
(6, 128, 'S', 13), 
(6, 129, 'S', 14), 
(6, 130, 'S', 15), 
(6, 131, 'S', 16), 
(6, 132, 'S', 17), 
(6, 133, 'S', 18), 
(6, 134, 'S', 19), 
(6, 135, 'S', 20), 
(6, 136, 'S', 21), 
(6, 137, 'S', 22), 
(6, 138, 'S', 23), 
(7, 139, 'T', 1), 
(7, 140, 'T', 2), 
(7, 141, 'T', 3), 
(7, 142, 'T', 4), 
(7, 143, 'T', 5), 
(7, 144, 'T', 6), 
(7, 145, 'T', 7), 
(7, 146, 'T', 8), 
(7, 147, 'T', 9), 
(7, 148, 'T', 10), 
(7, 149, 'T', 11), 
(7, 150, 'S', 12), 
(7, 151, 'S', 13), 
(7, 152, 'S', 14), 
(7, 153, 'S', 15), 
(7, 154, 'S', 16), 
(7, 155, 'S', 17), 
(7, 156, 'S', 18), 
(7, 157, 'S', 19), 
(7, 158, 'S', 20), 
(7, 159, 'S', 21), 
(7, 160, 'S', 22), 
(7, 161, 'S', 23), 
(8, 162, 'T', 1), 
(8, 163, 'T', 2), 
(8, 164, 'T', 3), 
(8, 165, 'T', 4), 
(8, 166, 'T', 5), 
(8, 167, 'T', 6), 
(8, 168, 'T', 7), 
(8, 169, 'T', 8), 
(8, 170, 'T', 9), 
(8, 171, 'T', 10), 
(8, 172, 'T', 11), 
(8, 173, 'S', 12), 
(8, 174, 'S', 13), 
(8, 175, 'S', 14), 
(8, 176, 'S', 15), 
(8, 177, 'S', 16), 
(8, 178, 'S', 17), 
(8, 179, 'S', 18), 
(8, 180, 'S', 19), 
(8, 181, 'S', 20), 
(8, 182, 'S', 21), 
(8, 183, 'S', 22), 
(8, 184, 'S', 23), 
(9, 185, 'T', 1), 
(9, 186, 'T', 2), 
(9, 187, 'T', 3), 
(9, 188, 'T', 4), 
(9, 189, 'T', 5), 
(9, 190, 'T', 6), 
(9, 191, 'T', 7), 
(9, 192, 'T', 8), 
(9, 193, 'T', 9), 
(9, 194, 'T', 10), 
(9, 195, 'T', 11), 
(9, 196, 'S', 12), 
(9, 197, 'S', 13), 
(9, 198, 'S', 14), 
(9, 199, 'S', 15), 
(9, 200, 'S', 16), 
(9, 201, 'S', 17), 
(9, 202, 'S', 18), 
(9, 203, 'S', 19), 
(9, 204, 'S', 20), 
(9, 205, 'S', 21), 
(9, 206, 'S', 22), 
(9, 207, 'S', 23), 
(10, 208, 'T', 1), 
(10, 209, 'T', 2), 
(10, 210, 'T', 3), 
(10, 211, 'T', 4), 
(10, 212, 'T', 5), 
(10, 213, 'T', 6), 
(10, 214, 'T', 7), 
(10, 215, 'T', 8), 
(10, 216, 'T', 9), 
(10, 217, 'T', 10), 
(10, 218, 'T', 11), 
(10, 219, 'S', 12), 
(10, 220, 'S', 13), 
(10, 221, 'S', 14), 
(10, 222, 'S', 15), 
(10, 223, 'S', 16), 
(10, 224, 'S', 17), 
(10, 225, 'S', 18), 
(10, 226, 'S', 19), 
(10, 227, 'S', 20), 
(10, 228, 'S', 21), 
(10, 229, 'S', 22), 
(10, 230, 'S', 23), 
(11, 231, 'T', 1), 
(11, 232, 'T', 2), 
(11, 233, 'T', 3), 
(11, 234, 'T', 4), 
(11, 235, 'T', 5), 
(11, 236, 'T', 6), 
(11, 237, 'T', 7), 
(11, 238, 'T', 8), 
(11, 239, 'T', 9), 
(11, 240, 'T', 10), 
(11, 241, 'T', 11), 
(11, 242, 'S', 12), 
(11, 243, 'S', 13), 
(11, 244, 'S', 14), 
(11, 245, 'S', 15), 
(11, 246, 'S', 16), 
(11, 247, 'S', 17), 
(11, 248, 'S', 18), 
(11, 249, 'S', 19), 
(11, 250, 'S', 20), 
(11, 251, 'S', 21), 
(11, 252, 'S', 22), 
(11, 253, 'S', 23), 
(12, 254, 'T', 1), 
(12, 255, 'T', 2), 
(12, 256, 'T', 3), 
(12, 257, 'T', 4), 
(12, 258, 'T', 5), 
(12, 259, 'T', 6), 
(12, 260, 'T', 7), 
(12, 261, 'T', 8), 
(12, 262, 'T', 9), 
(12, 263, 'T', 10), 
(12, 264, 'T', 11), 
(12, 265, 'S', 12), 
(12, 266, 'S', 13), 
(12, 267, 'S', 14), 
(12, 268, 'S', 15), 
(12, 269, 'S', 16), 
(12, 270, 'S', 17), 
(12, 271, 'S', 18), 
(12, 272, 'S', 19), 
(12, 273, 'S', 20), 
(12, 274, 'S', 21), 
(12, 275, 'S', 22), 
(12, 276, 'S', 23), 
(13, 277, 'T', 1), 
(13, 278, 'T', 2), 
(13, 279, 'T', 3), 
(13, 280, 'T', 4), 
(13, 281, 'T', 5), 
(13, 282, 'T', 6), 
(13, 283, 'T', 7), 
(13, 284, 'T', 8), 
(13, 285, 'T', 9), 
(13, 286, 'T', 10), 
(13, 287, 'T', 11), 
(13, 288, 'S', 12), 
(13, 289, 'S', 13), 
(13, 290, 'S', 14), 
(13, 291, 'S', 15), 
(13, 292, 'S', 16), 
(13, 293, 'S', 17), 
(13, 294, 'S', 18), 
(13, 295, 'S', 19), 
(13, 296, 'S', 20), 
(13, 297, 'S', 21), 
(13, 298, 'S', 22), 
(13, 299, 'S', 23), 
(14, 300, 'T', 1), 
(14, 301, 'T', 2), 
(14, 302, 'T', 3), 
(14, 303, 'T', 4), 
(14, 304, 'T', 5), 
(14, 305, 'T', 6), 
(14, 306, 'T', 7), 
(14, 307, 'T', 8), 
(14, 308, 'T', 9), 
(14, 309, 'T', 10), 
(14, 310, 'T', 11), 
(14, 311, 'S', 12), 
(14, 312, 'S', 13), 
(14, 313, 'S', 14), 
(14, 314, 'S', 15), 
(14, 315, 'S', 16), 
(14, 316, 'S', 17), 
(14, 317, 'S', 18), 
(14, 318, 'S', 19), 
(14, 319, 'S', 20), 
(14, 320, 'S', 21), 
(14, 321, 'S', 22), 
(14, 322, 'S', 23), 
(15, 323, 'T', 1), 
(15, 324, 'T', 2), 
(15, 325, 'T', 3), 
(15, 326, 'T', 4), 
(15, 327, 'T', 5), 
(15, 328, 'T', 6), 
(15, 329, 'T', 7), 
(15, 330, 'T', 8), 
(15, 331, 'T', 9), 
(15, 332, 'T', 10), 
(15, 333, 'T', 11), 
(15, 334, 'S', 12), 
(15, 335, 'S', 13), 
(15, 336, 'S', 14), 
(15, 337, 'S', 15), 
(15, 338, 'S', 16), 
(15, 339, 'S', 17), 
(15, 340, 'S', 18), 
(15, 341, 'S', 19), 
(15, 342, 'S', 20), 
(15, 343, 'S', 21), 
(15, 344, 'S', 22), 
(15, 345, 'S', 23), 
(16, 346, 'T', 1), 
(16, 347, 'T', 2), 
(16, 348, 'T', 3), 
(16, 349, 'T', 4), 
(16, 350, 'T', 5), 
(16, 351, 'T', 6), 
(16, 352, 'T', 7), 
(16, 353, 'T', 8), 
(16, 354, 'T', 9), 
(16, 355, 'T', 10), 
(16, 356, 'T', 11), 
(16, 357, 'S', 12), 
(16, 358, 'S', 13), 
(16, 359, 'S', 14), 
(16, 360, 'S', 15), 
(16, 361, 'S', 16), 
(16, 362, 'S', 17), 
(16, 363, 'S', 18), 
(16, 364, 'S', 19), 
(16, 365, 'S', 20), 
(16, 366, 'S', 21), 
(16, 367, 'S', 22), 
(16, 368, 'S', 23), 
(17, 369, 'T', 1), 
(17, 370, 'T', 2), 
(17, 371, 'T', 3), 
(17, 372, 'T', 4), 
(17, 373, 'T', 5), 
(17, 374, 'T', 6), 
(17, 375, 'T', 7), 
(17, 376, 'T', 8), 
(17, 377, 'T', 9), 
(17, 378, 'T', 10), 
(17, 379, 'T', 11), 
(17, 380, 'S', 12), 
(17, 381, 'S', 13), 
(17, 382, 'S', 14), 
(17, 383, 'S', 15), 
(17, 384, 'S', 16), 
(17, 385, 'S', 17), 
(17, 386, 'S', 18), 
(17, 387, 'S', 19), 
(17, 388, 'S', 20), 
(17, 389, 'S', 21), 
(17, 390, 'S', 22), 
(17, 391, 'S', 23), 
(18, 392, 'T', 1), 
(18, 393, 'T', 2), 
(18, 394, 'T', 3), 
(18, 395, 'T', 4), 
(18, 396, 'T', 5), 
(18, 397, 'T', 6), 
(18, 398, 'T', 7), 
(18, 399, 'T', 8), 
(18, 400, 'T', 9), 
(18, 401, 'T', 10), 
(18, 402, 'T', 11), 
(18, 403, 'S', 12), 
(18, 404, 'S', 13), 
(18, 405, 'S', 14), 
(18, 406, 'S', 15), 
(18, 407, 'S', 16), 
(18, 408, 'S', 17), 
(18, 409, 'S', 18), 
(18, 410, 'S', 19), 
(18, 411, 'S', 20), 
(18, 412, 'S', 21), 
(18, 413, 'S', 22), 
(18, 414, 'S', 23), 
(19, 415, 'T', 1), 
(19, 416, 'T', 2), 
(19, 417, 'T', 3), 
(19, 418, 'T', 4), 
(19, 419, 'T', 5), 
(19, 420, 'T', 6), 
(19, 421, 'T', 7), 
(19, 422, 'T', 8), 
(19, 423, 'T', 9), 
(19, 424, 'T', 10), 
(19, 425, 'T', 11), 
(19, 426, 'S', 12), 
(19, 427, 'S', 13), 
(19, 428, 'S', 14), 
(19, 429, 'S', 15), 
(19, 430, 'S', 16), 
(19, 431, 'S', 17), 
(19, 432, 'S', 18), 
(19, 433, 'S', 19), 
(19, 434, 'S', 20), 
(19, 435, 'S', 21), 
(19, 436, 'S', 22), 
(19, 437, 'S', 23), 
(20, 438, 'T', 1), 
(20, 439, 'T', 2), 
(20, 440, 'T', 3), 
(20, 441, 'T', 4), 
(20, 442, 'T', 5), 
(20, 443, 'T', 6), 
(20, 444, 'T', 7), 
(20, 445, 'T', 8), 
(20, 446, 'T', 9), 
(20, 447, 'T', 10), 
(20, 448, 'T', 11), 
(20, 449, 'S', 12), 
(20, 450, 'S', 13), 
(20, 451, 'S', 14), 
(20, 452, 'S', 15), 
(20, 453, 'S', 16), 
(20, 454, 'S', 17), 
(20, 455, 'S', 18), 
(20, 456, 'S', 19), 
(20, 457, 'S', 20), 
(20, 458, 'S', 21), 
(20, 459, 'S', 22), 
(20, 460, 'S', 23), 
(21, 461, 'T', 1), 
(21, 462, 'T', 2), 
(21, 463, 'T', 3), 
(21, 464, 'T', 4), 
(21, 465, 'T', 5), 
(21, 466, 'T', 6), 
(21, 467, 'T', 7), 
(21, 468, 'T', 8), 
(21, 469, 'T', 9), 
(21, 470, 'T', 10), 
(21, 471, 'T', 11), 
(21, 472, 'S', 12), 
(21, 473, 'S', 13), 
(21, 474, 'S', 14), 
(21, 475, 'S', 15), 
(21, 476, 'S', 16), 
(21, 477, 'S', 17), 
(21, 478, 'S', 18), 
(21, 479, 'S', 19), 
(21, 480, 'S', 20), 
(21, 481, 'S', 21), 
(21, 482, 'S', 22), 
(21, 483, 'S', 23), 
(22, 484, 'T', 1), 
(22, 485, 'T', 2), 
(22, 486, 'T', 3), 
(22, 487, 'T', 4), 
(22, 488, 'T', 5), 
(22, 489, 'T', 6), 
(22, 490, 'T', 7), 
(22, 491, 'T', 8), 
(22, 492, 'T', 9), 
(22, 493, 'T', 10), 
(22, 494, 'T', 11), 
(22, 495, 'S', 12), 
(22, 496, 'S', 13), 
(22, 497, 'S', 14), 
(22, 498, 'S', 15), 
(22, 499, 'S', 16), 
(22, 500, 'S', 17), 
(22, 501, 'S', 18), 
(22, 502, 'S', 19), 
(22, 503, 'S', 20), 
(22, 504, 'S', 21), 
(22, 505, 'S', 22), 
(22, 506, 'S', 23), 
(23, 507, 'T', 1), 
(23, 508, 'T', 2), 
(23, 509, 'T', 3), 
(23, 510, 'T', 4), 
(23, 511, 'T', 5), 
(23, 512, 'T', 6), 
(23, 513, 'T', 7), 
(23, 514, 'T', 8), 
(23, 515, 'T', 9), 
(23, 516, 'T', 10), 
(23, 517, 'T', 11), 
(23, 518, 'S', 12), 
(23, 519, 'S', 13), 
(23, 520, 'S', 14), 
(23, 521, 'S', 15), 
(23, 522, 'S', 16), 
(23, 523, 'S', 17), 
(23, 524, 'S', 18), 
(23, 525, 'S', 19), 
(23, 526, 'S', 20), 
(23, 527, 'S', 21), 
(23, 528, 'S', 22), 
(23, 529, 'S', 23), 
(24, 530, 'T', 1), 
(24, 531, 'T', 2), 
(24, 532, 'T', 3), 
(24, 533, 'T', 4), 
(24, 534, 'T', 5), 
(24, 535, 'T', 6), 
(24, 536, 'T', 7), 
(24, 537, 'T', 8), 
(24, 538, 'T', 9), 
(24, 539, 'T', 10), 
(24, 540, 'T', 11), 
(24, 541, 'S', 12), 
(24, 542, 'S', 13), 
(24, 543, 'S', 14), 
(24, 544, 'S', 15), 
(24, 545, 'S', 16), 
(24, 546, 'S', 17), 
(24, 547, 'S', 18), 
(24, 548, 'S', 19), 
(24, 549, 'S', 20), 
(24, 550, 'S', 21), 
(24, 551, 'S', 22), 
(24, 552, 'S', 23), 
(25, 553, 'T', 1), 
(25, 554, 'T', 2), 
(25, 555, 'T', 3), 
(25, 556, 'T', 4), 
(25, 557, 'T', 5), 
(25, 558, 'T', 6), 
(25, 559, 'T', 7), 
(25, 560, 'T', 8), 
(25, 561, 'T', 9), 
(25, 562, 'T', 10), 
(25, 563, 'T', 11), 
(25, 564, 'S', 12), 
(25, 565, 'S', 13), 
(25, 566, 'S', 14), 
(25, 567, 'S', 15), 
(25, 568, 'S', 16), 
(25, 569, 'S', 17), 
(25, 570, 'S', 18), 
(25, 571, 'S', 19), 
(25, 572, 'S', 20), 
(25, 573, 'S', 21), 
(25, 574, 'S', 22), 
(25, 575, 'S', 23), 
(26, 576, 'T', 1), 
(26, 577, 'T', 2), 
(26, 578, 'T', 3), 
(26, 579, 'T', 4), 
(26, 580, 'T', 5), 
(26, 581, 'T', 6), 
(26, 582, 'T', 7), 
(26, 583, 'T', 8), 
(26, 584, 'T', 9), 
(26, 585, 'T', 10), 
(26, 586, 'T', 11), 
(26, 587, 'S', 12), 
(26, 588, 'S', 13), 
(26, 589, 'S', 14), 
(26, 590, 'S', 15), 
(26, 591, 'S', 16), 
(26, 592, 'S', 17), 
(26, 593, 'S', 18), 
(26, 594, 'S', 19), 
(26, 595, 'S', 20), 
(26, 596, 'S', 21), 
(26, 597, 'S', 22), 
(26, 598, 'S', 23), 
(27, 599, 'T', 1), 
(27, 600, 'T', 2), 
(27, 601, 'T', 3), 
(27, 602, 'T', 4), 
(27, 603, 'T', 5), 
(27, 604, 'T', 6), 
(27, 605, 'T', 7), 
(27, 606, 'T', 8), 
(27, 607, 'T', 9), 
(27, 608, 'T', 10), 
(27, 609, 'T', 11), 
(27, 610, 'S', 12), 
(27, 611, 'S', 13), 
(27, 612, 'S', 14), 
(27, 613, 'S', 15), 
(27, 614, 'S', 16), 
(27, 615, 'S', 17), 
(27, 616, 'S', 18), 
(27, 617, 'S', 19), 
(27, 618, 'S', 20), 
(27, 619, 'S', 21), 
(27, 620, 'S', 22), 
(27, 621, 'S', 23), 
(28, 622, 'T', 1), 
(28, 623, 'T', 2), 
(28, 624, 'T', 3), 
(28, 625, 'T', 4), 
(28, 626, 'T', 5), 
(28, 627, 'T', 6), 
(28, 628, 'T', 7), 
(28, 629, 'T', 8), 
(28, 630, 'T', 9), 
(28, 631, 'T', 10), 
(28, 632, 'T', 11), 
(28, 633, 'S', 12), 
(28, 634, 'S', 13), 
(28, 635, 'S', 14), 
(28, 636, 'S', 15), 
(28, 637, 'S', 16), 
(28, 638, 'S', 17), 
(28, 639, 'S', 18), 
(28, 640, 'S', 19), 
(28, 641, 'S', 20), 
(28, 642, 'S', 21), 
(28, 643, 'S', 22), 
(28, 644, 'S', 23), 
(29, 645, 'T', 1), 
(29, 646, 'T', 2), 
(29, 647, 'T', 3), 
(29, 648, 'T', 4), 
(29, 649, 'T', 5), 
(29, 650, 'T', 6), 
(29, 651, 'T', 7), 
(29, 652, 'T', 8), 
(29, 653, 'T', 9), 
(29, 654, 'T', 10), 
(29, 655, 'T', 11), 
(29, 656, 'S', 12), 
(29, 657, 'S', 13), 
(29, 658, 'S', 14), 
(29, 659, 'S', 15), 
(29, 660, 'S', 16), 
(29, 661, 'S', 17), 
(29, 662, 'S', 18), 
(29, 663, 'S', 19), 
(29, 664, 'S', 20), 
(29, 665, 'S', 21), 
(29, 666, 'S', 22), 
(29, 667, 'S', 23), 
(30, 668, 'T', 1), 
(30, 669, 'T', 2), 
(30, 670, 'T', 3), 
(30, 671, 'T', 4), 
(30, 672, 'T', 5), 
(30, 673, 'T', 6), 
(30, 674, 'T', 7), 
(30, 675, 'T', 8), 
(30, 676, 'T', 9), 
(30, 677, 'T', 10), 
(30, 678, 'T', 11), 
(30, 679, 'S', 12), 
(30, 680, 'S', 13), 
(30, 681, 'S', 14), 
(30, 682, 'S', 15), 
(30, 683, 'S', 16), 
(30, 684, 'S', 17), 
(30, 685, 'S', 18), 
(30, 686, 'S', 19), 
(30, 687, 'S', 20), 
(30, 688, 'S', 21), 
(30, 689, 'S', 22), 
(30, 690, 'S', 23), 
(31, 691, 'T', 1), 
(31, 692, 'T', 2), 
(31, 693, 'T', 3), 
(31, 694, 'T', 4), 
(31, 695, 'T', 5), 
(31, 696, 'T', 6), 
(31, 697, 'T', 7), 
(31, 698, 'T', 8), 
(31, 699, 'T', 9), 
(31, 700, 'T', 10), 
(31, 701, 'T', 11), 
(31, 702, 'S', 12), 
(31, 703, 'S', 13), 
(31, 704, 'S', 14), 
(31, 705, 'S', 15), 
(31, 706, 'S', 16), 
(31, 707, 'S', 17), 
(31, 708, 'S', 18), 
(31, 709, 'S', 19), 
(31, 710, 'S', 20), 
(31, 711, 'S', 21), 
(31, 712, 'S', 22), 
(31, 713, 'S', 23), 
(32, 714, 'T', 1), 
(32, 715, 'T', 2), 
(32, 716, 'T', 3), 
(32, 717, 'T', 4), 
(32, 718, 'T', 5), 
(32, 719, 'T', 6), 
(32, 720, 'T', 7), 
(32, 721, 'T', 8), 
(32, 722, 'T', 9), 
(32, 723, 'T', 10), 
(32, 724, 'T', 11), 
(32, 725, 'S', 12), 
(32, 726, 'S', 13), 
(32, 727, 'S', 14), 
(32, 728, 'S', 15), 
(32, 729, 'S', 16), 
(32, 730, 'S', 17), 
(32, 731, 'S', 18), 
(32, 732, 'S', 19), 
(32, 733, 'S', 20), 
(32, 734, 'S', 21), 
(32, 735, 'S', 22), 
(32, 736, 'S', 23), 
(33, 737, 'T', 1), 
(33, 2, 'T', 2), 
(33, 739, 'T', 3), 
(33, 740, 'T', 4), 
(33, 5, 'T', 5), 
(33, 20, 'T', 6), 
(33, 19, 'T', 7), 
(33, 8, 'T', 8), 
(33, 745, 'T', 9), 
(33, 746, 'T', 10), 
(33, 747, 'T', 11), 
(33, 18, 'S', 12), 
(33, 749, 'S', 13), 
(33, 750, 'S', 14), 
(33, 751, 'S', 15), 
(33, 752, 'S', 16), 
(33, 753, 'S', 17), 
(33, 754, 'S', 18), 
(33, 755, 'S', 19), 
(33, 756, 'S', 20), 
(33, 757, 'S', 21), 
(33, 758, 'S', 22), 
(33, 23, 'S', 23), 
(34, 45, 'T', 1), 
(34, 761, 'T', 2), 
(34, 762, 'T', 3), 
(34, 763, 'T', 4), 
(34, 764, 'T', 5), 
(34, 765, 'T', 6), 
(34, 30, 'T', 7), 
(34, 767, 'T', 8), 
(34, 32, 'T', 9), 
(34, 33, 'T', 10), 
(34, 770, 'T', 11), 
(34, 771, 'S', 12), 
(34, 772, 'S', 13), 
(34, 37, 'S', 14), 
(34, 25, 'S', 15), 
(34, 775, 'S', 16), 
(34, 776, 'S', 17)

INSERT INTO PERTENECE 
(ID_SELECCION, ID_JUGADOR, TITULARIDAD, NRO_CAMISETA) 
VALUES 
(34, 777, 'S', 18), 
(34, 778, 'S', 19), 
(34, 39, 'S', 20), 
(34, 44, 'S', 21), 
(34, 781, 'S', 22), 
(34, 782, 'S', 23), 
(35, 783, 'T', 1), 
(35, 784, 'T', 2), 
(35, 785, 'T', 3), 
(35, 50, 'T', 4), 
(35, 66, 'T', 5), 
(35, 788, 'T', 6), 
(35, 789, 'T', 7), 
(35, 790, 'T', 8), 
(35, 791, 'T', 9), 
(35, 792, 'T', 10), 
(35, 793, 'T', 11), 
(35, 794, 'S', 12), 
(35, 795, 'S', 13), 
(35, 796, 'S', 14), 
(35, 61, 'S', 15), 
(35, 798, 'S', 16), 
(35, 799, 'S', 17), 
(35, 800, 'S', 18), 
(35, 801, 'S', 19), 
(35, 68, 'S', 20), 
(35, 803, 'S', 21), 
(35, 804, 'S', 22), 
(35, 69, 'S', 23), 
(36, 806, 'T', 1), 
(36, 807, 'T', 2), 
(36, 808, 'T', 3), 
(36, 809, 'T', 4), 
(36, 810, 'T', 5), 
(36, 811, 'T', 6), 
(36, 812, 'T', 7), 
(36, 813, 'T', 8), 
(36, 814, 'T', 9), 
(36, 815, 'T', 10), 
(36, 816, 'T', 11), 
(36, 817, 'S', 12), 
(36, 818, 'S', 13), 
(36, 819, 'S', 14), 
(36, 820, 'S', 15), 
(36, 821, 'S', 16), 
(36, 822, 'S', 17), 
(36, 823, 'S', 18), 
(36, 824, 'S', 19), 
(36, 825, 'S', 20), 
(36, 826, 'S', 21), 
(36, 827, 'S', 22), 
(36, 828, 'S', 23), 
(37, 829, 'T', 1), 
(37, 830, 'T', 2), 
(37, 831, 'T', 3), 
(37, 832, 'T', 4), 
(37, 833, 'T', 5), 
(37, 834, 'T', 6), 
(37, 835, 'T', 7), 
(37, 836, 'T', 8), 
(37, 837, 'T', 9), 
(37, 838, 'T', 10), 
(37, 839, 'T', 11), 
(37, 840, 'S', 12), 
(37, 841, 'S', 13), 
(37, 842, 'S', 14), 
(37, 843, 'S', 15), 
(37, 844, 'S', 16), 
(37, 845, 'S', 17), 
(37, 846, 'S', 18), 
(37, 847, 'S', 19), 
(37, 848, 'S', 20), 
(37, 849, 'S', 21), 
(37, 850, 'S', 22), 
(37, 851, 'S', 23), 
(38, 852, 'T', 1), 
(38, 82, 'T', 2), 
(38, 84, 'T', 3), 
(38, 855, 'T', 4), 
(38, 856, 'T', 5), 
(38, 857, 'T', 6), 
(38, 858, 'T', 7), 
(38, 859, 'T', 8), 
(38, 860, 'T', 9), 
(38, 861, 'T', 10), 
(38, 862, 'T', 11), 
(38, 70, 'S', 12), 
(38, 864, 'S', 13), 
(38, 865, 'S', 14), 
(38, 866, 'S', 15), 
(38, 87, 'S', 16), 
(38, 868, 'S', 17), 
(38, 869, 'S', 18), 
(38, 870, 'S', 19), 
(38, 871, 'S', 20), 
(38, 872, 'S', 21), 
(38, 873, 'S', 22), 
(38, 71, 'S', 23), 
(39, 875, 'T', 1), 
(39, 94, 'T', 2), 
(39, 95, 'T', 3), 
(39, 878, 'T', 4), 
(39, 879, 'T', 5), 
(39, 96, 'T', 6), 
(39, 99, 'T', 7), 
(39, 882, 'T', 8), 
(39, 101, 'T', 9), 
(39, 115, 'T', 10), 
(39, 103, 'T', 11), 
(39, 886, 'S', 12), 
(39, 105, 'S', 13), 
(39, 106, 'S', 14), 
(39, 889, 'S', 15), 
(39, 890, 'S', 16), 
(39, 111, 'S', 17), 
(39, 110, 'S', 18), 
(39, 893, 'S', 19), 
(39, 894, 'S', 20), 
(39, 895, 'S', 21), 
(39, 896, 'S', 22), 
(39, 897, 'S', 23), 
(40, 116, 'T', 1), 
(40, 899, 'T', 2), 
(40, 900, 'T', 3), 
(40, 119, 'T', 4), 
(40, 902, 'T', 5), 
(40, 121, 'T', 6), 
(40, 122, 'T', 7), 
(40, 123, 'T', 8), 
(40, 906, 'T', 9), 
(40, 125, 'T', 10), 
(40, 908, 'T', 11), 
(40, 909, 'S', 12), 
(40, 910, 'S', 13), 
(40, 131, 'S', 14), 
(40, 130, 'S', 15), 
(40, 913, 'S', 16), 
(40, 914, 'S', 17), 
(40, 133, 'S', 18), 
(40, 916, 'S', 19), 
(40, 917, 'S', 20), 
(40, 918, 'S', 21), 
(40, 137, 'S', 22), 
(40, 920, 'S', 23), 
(41, 921, 'T', 1), 
(41, 922, 'T', 2), 
(41, 923, 'T', 3), 
(41, 924, 'T', 4), 
(41, 925, 'T', 5), 
(41, 926, 'T', 6), 
(41, 927, 'T', 7), 
(41, 928, 'T', 8), 
(41, 929, 'T', 9), 
(41, 930, 'T', 10), 
(41, 931, 'T', 11), 
(41, 932, 'S', 12), 
(41, 933, 'S', 13), 
(41, 934, 'S', 14), 
(41, 935, 'S', 15), 
(41, 936, 'S', 16), 
(41, 937, 'S', 17), 
(41, 938, 'S', 18), 
(41, 939, 'S', 19), 
(41, 940, 'S', 20), 
(41, 941, 'S', 21), 
(41, 942, 'S', 22), 
(41, 943, 'S', 23), 
(42, 944, 'T', 1), 
(42, 945, 'T', 2), 
(42, 946, 'T', 3), 
(42, 947, 'T', 4), 
(42, 948, 'T', 5), 
(42, 949, 'T', 6), 
(42, 950, 'T', 7), 
(42, 951, 'T', 8), 
(42, 952, 'T', 9), 
(42, 953, 'T', 10), 
(42, 954, 'T', 11), 
(42, 955, 'S', 12), 
(42, 956, 'S', 13), 
(42, 957, 'S', 14), 
(42, 958, 'S', 15), 
(42, 959, 'S', 16), 
(42, 960, 'S', 17), 
(42, 961, 'S', 18), 
(42, 962, 'S', 19), 
(42, 963, 'S', 20), 
(42, 964, 'S', 21), 
(42, 965, 'S', 22), 
(42, 966, 'S', 23), 
(43, 967, 'T', 1), 
(43, 968, 'T', 2), 
(43, 969, 'T', 3), 
(43, 970, 'T', 4), 
(43, 971, 'T', 5), 
(43, 972, 'T', 6), 
(43, 973, 'T', 7), 
(43, 974, 'T', 8), 
(43, 975, 'T', 9), 
(43, 976, 'T', 10), 
(43, 149, 'T', 11), 
(43, 978, 'S', 12), 
(43, 979, 'S', 13), 
(43, 980, 'S', 14), 
(43, 981, 'S', 15), 
(43, 982, 'S', 16), 
(43, 983, 'S', 17), 
(43, 984, 'S', 18), 
(43, 157, 'S', 19), 
(43, 986, 'S', 20), 
(43, 987, 'S', 21), 
(43, 988, 'S', 22), 
(43, 989, 'S', 23), 
(44, 990, 'T', 1), 
(44, 991, 'T', 2), 
(44, 992, 'T', 3), 
(44, 993, 'T', 4), 
(44, 994, 'T', 5), 
(44, 995, 'T', 6), 
(44, 996, 'T', 7), 
(44, 997, 'T', 8), 
(44, 998, 'T', 9), 
(44, 999, 'T', 10), 
(44, 1000, 'T', 11), 
(44, 1001, 'S', 12), 
(44, 1002, 'S', 13), 
(44, 1003, 'S', 14), 
(44, 1004, 'S', 15), 
(44, 1005, 'S', 16), 
(44, 1006, 'S', 17), 
(44, 1007, 'S', 18), 
(44, 1008, 'S', 19), 
(44, 1009, 'S', 20), 
(44, 1010, 'S', 21), 
(44, 1011, 'S', 22), 
(44, 1012, 'S', 23), 
(45, 1013, 'T', 1), 
(45, 1014, 'T', 2), 
(45, 1015, 'T', 3), 
(45, 1016, 'T', 4), 
(45, 1017, 'T', 5), 
(45, 1018, 'T', 6), 
(45, 1019, 'T', 7), 
(45, 1020, 'T', 8), 
(45, 1021, 'T', 9), 
(45, 1022, 'T', 10), 
(45, 1023, 'T', 11), 
(45, 1024, 'S', 12), 
(45, 1025, 'S', 13), 
(45, 1026, 'S', 14), 
(45, 1027, 'S', 15), 
(45, 1028, 'S', 16), 
(45, 1029, 'S', 17), 
(45, 1030, 'S', 18), 
(45, 1031, 'S', 19), 
(45, 1032, 'S', 20), 
(45, 1033, 'S', 21), 
(45, 1034, 'S', 22), 
(45, 1035, 'S', 23), 
(46, 207, 'T', 1), 
(46, 186, 'T', 2), 
(46, 1038, 'T', 3), 
(46, 188, 'T', 4), 
(46, 1040, 'T', 5), 
(46, 1041, 'T', 6), 
(46, 1042, 'T', 7), 
(46, 192, 'T', 8), 
(46, 1044, 'T', 9), 
(46, 194, 'T', 10), 
(46, 1046, 'T', 11), 
(46, 1047, 'S', 12), 
(46, 1048, 'S', 13), 
(46, 1049, 'S', 14), 
(46, 1050, 'S', 15), 
(46, 1051, 'S', 16), 
(46, 200, 'S', 17), 
(46, 1053, 'S', 18), 
(46, 1054, 'S', 19), 
(46, 1055, 'S', 20), 
(46, 1056, 'S', 21), 
(46, 1057, 'S', 22), 
(46, 1058, 'S', 23), 
(47, 208, 'T', 1), 
(47, 1060, 'T', 2), 
(47, 220, 'T', 3), 
(47, 1062, 'T', 4), 
(47, 1063, 'T', 5), 
(47, 1064, 'T', 6), 
(47, 1065, 'T', 7), 
(47, 227, 'T', 8), 
(47, 1067, 'T', 9), 
(47, 1068, 'T', 10), 
(47, 1069, 'T', 11), 
(47, 1070, 'S', 12), 
(47, 1071, 'S', 13), 
(47, 1072, 'S', 14), 
(47, 209, 'S', 15), 
(47, 1074, 'S', 16), 
(47, 1075, 'S', 17), 
(47, 1076, 'S', 18), 
(47, 1077, 'S', 19), 
(47, 1078, 'S', 20), 
(47, 1079, 'S', 21), 
(47, 1080, 'S', 22), 
(47, 1081, 'S', 23), 
(48, 231, 'T', 1), 
(48, 1083, 'T', 2), 
(48, 1084, 'T', 3), 
(48, 1085, 'T', 4), 
(48, 1086, 'T', 5), 
(48, 236, 'T', 6), 
(48, 237, 'T', 7), 
(48, 238, 'T', 8), 
(48, 1090, 'T', 9), 
(48, 240, 'T', 10), 
(48, 241, 'T', 11), 
(48, 1093, 'S', 12), 
(48, 243, 'S', 13), 
(48, 1095, 'S', 14), 
(48, 1096, 'S', 15), 
(48, 246, 'S', 16), 
(48, 247, 'S', 17), 
(48, 248, 'S', 18), 
(48, 1100, 'S', 19), 
(48, 250, 'S', 20), 
(48, 1102, 'S', 21), 
(48, 1103, 'S', 22), 
(48, 1104, 'S', 23), 
(49, 1105, 'T', 1), 
(49, 260, 'T', 2), 
(49, 256, 'T', 3), 
(49, 1108, 'T', 4), 
(49, 1109, 'T', 5), 
(49, 1110, 'T', 6), 
(49, 1111, 'T', 7), 
(49, 1112, 'T', 8), 
(49, 250, 'T', 9), 
(49, 266, 'T', 10), 
(49, 264, 'T', 11), 
(49, 1116, 'S', 12), 
(49, 1117, 'S', 13), 
(49, 1118, 'S', 14), 
(49, 1119, 'S', 15), 
(49, 1120, 'S', 16), 
(49, 1121, 'S', 17), 
(49, 1122, 'S', 18), 
(49, 258, 'S', 19), 
(49, 274, 'S', 20), 
(49, 1125, 'S', 21), 
(49, 1126, 'S', 22), 
(49, 1127, 'S', 23), 
(50, 1128, 'T', 1), 
(50, 1129, 'T', 2), 
(50, 1130, 'T', 3), 
(50, 1131, 'T', 4), 
(50, 281, 'T', 5), 
(50, 282, 'T', 6), 
(50, 283, 'T', 7), 
(50, 1135, 'T', 8), 
(50, 1136, 'T', 9), 
(50, 286, 'T', 10), 
(50, 287, 'T', 11), 
(50, 1139, 'S', 12), 
(50, 1140, 'S', 13), 
(50, 290, 'S', 14), 
(50, 291, 'S', 15), 
(50, 1143, 'S', 16), 
(50, 293, 'S', 17), 
(50, 1145, 'S', 18), 
(50, 295, 'S', 19), 
(50, 1147, 'S', 20), 
(50, 297, 'S', 21), 
(50, 1149, 'S', 22), 
(50, 1150, 'S', 23), 
(51, 1151, 'T', 1), 
(51, 301, 'T', 2), 
(51, 302, 'T', 3), 
(51, 1154, 'T', 4), 
(51, 304, 'T', 5), 
(51, 1156, 'T', 6), 
(51, 320, 'T', 7), 
(51, 306, 'T', 8), 
(51, 1159, 'T', 9), 
(51, 1160, 'T', 10), 
(51, 1161, 'T', 11), 
(51, 1162, 'S', 12), 
(51, 1163, 'S', 13), 
(51, 1164, 'S', 14), 
(51, 312, 'S', 15), 
(51, 1166, 'S', 16), 
(51, 1167, 'S', 17), 
(51, 317, 'S', 18), 
(51, 1169, 'S', 19), 
(51, 1170, 'S', 20), 
(51, 1171, 'S', 21), 
(51, 321, 'S', 22), 
(51, 1173, 'S', 23), 
(52, 1174, 'T', 1), 
(52, 1175, 'T', 2), 
(52, 1176, 'T', 3), 
(52, 1177, 'T', 4), 
(52, 1178, 'T', 5), 
(52, 1179, 'T', 6), 
(52, 1180, 'T', 7), 
(52, 1181, 'T', 8), 
(52, 1182, 'T', 9), 
(52, 1183, 'T', 10), 
(52, 1184, 'T', 11), 
(52, 1185, 'S', 12), 
(52, 1186, 'S', 13), 
(52, 1187, 'S', 14), 
(52, 1188, 'S', 15), 
(52, 1189, 'S', 16), 
(52, 1190, 'S', 17), 
(52, 1191, 'S', 18), 
(52, 1192, 'S', 19), 
(52, 1193, 'S', 20), 
(52, 1194, 'S', 21), 
(52, 1195, 'S', 22), 
(52, 1196, 'S', 23), 
(53, 323, 'T', 1), 
(53, 1198, 'T', 2), 
(53, 326, 'T', 3), 
(53, 1200, 'T', 4), 
(53, 1201, 'T', 5), 
(53, 1202, 'T', 6), 
(53, 1203, 'T', 7), 
(53, 337, 'T', 8), 
(53, 1205, 'T', 9), 
(53, 1206, 'T', 10), 
(53, 1207, 'T', 11), 
(53, 1208, 'S', 12), 
(53, 1209, 'S', 13), 
(53, 1210, 'S', 14), 
(53, 1211, 'S', 15), 
(53, 328, 'S', 16), 
(53, 1213, 'S', 17), 
(53, 1214, 'S', 18), 
(53, 345, 'S', 19), 
(53, 1216, 'S', 20), 
(53, 343, 'S', 21), 
(53, 1218, 'S', 22), 
(53, 1219, 'S', 23), 
(54, 366, 'T', 1), 
(54, 351, 'T', 2), 
(54, 1222, 'T', 3), 
(54, 363, 'T', 4), 
(54, 350, 'T', 5), 
(54, 1225, 'T', 6), 
(54, 352, 'T', 7), 
(54, 1227, 'T', 8), 
(54, 354, 'T', 9), 
(54, 1229, 'T', 10), 
(54, 1230, 'T', 11), 
(54, 1231, 'S', 12), 
(54, 361, 'S', 13), 
(54, 1233, 'S', 14), 
(54, 360, 'S', 15), 
(54, 1235, 'S', 16), 
(54, 362, 'S', 17), 
(54, 1237, 'S', 18), 
(54, 1238, 'S', 19), 
(54, 1239, 'S', 20), 
(54, 1240, 'S', 21), 
(54, 1241, 'S', 22), 
(54, 1242, 'S', 23), 
(55, 409, 'T', 1), 
(55, 1244, 'T', 2), 
(55, 1245, 'T', 3), 
(55, 1246, 'T', 4), 
(55, 1247, 'T', 5), 
(55, 1248, 'T', 6), 
(55, 397, 'T', 7), 
(55, 1250, 'T', 8), 
(55, 1251, 'T', 9), 
(55, 401, 'T', 10), 
(55, 1253, 'T', 11), 
(55, 1254, 'S', 12), 
(55, 1255, 'S', 13), 
(55, 1256, 'S', 14), 
(55, 1257, 'S', 15), 
(55, 407, 'S', 16), 
(55, 408, 'S', 17), 
(55, 1260, 'S', 18), 
(55, 1261, 'S', 19), 
(55, 1262, 'S', 20), 
(55, 1263, 'S', 21), 
(55, 1264, 'S', 22), 
(55, 1265, 'S', 23), 
(56, 1266, 'T', 1), 
(56, 416, 'T', 2), 
(56, 417, 'T', 3), 
(56, 418, 'T', 4), 
(56, 1270, 'T', 5), 
(56, 1271, 'T', 6), 
(56, 1272, 'T', 7), 
(56, 1273, 'T', 8), 
(56, 1274, 'T', 9), 
(56, 431, 'T', 10), 
(56, 1276, 'T', 11), 
(56, 1277, 'S', 12), 
(56, 427, 'S', 13), 
(56, 428, 'S', 14), 
(56, 429, 'S', 15), 
(56, 1281, 'S', 16), 
(56, 1282, 'S', 17), 
(56, 432, 'S', 18), 
(56, 1284, 'S', 19), 
(56, 1285, 'S', 20), 
(56, 1286, 'S', 21), 
(56, 426, 'S', 22), 
(56, 1288, 'S', 23), 
(57, 1289, 'T', 1), 
(57, 1290, 'T', 2), 
(57, 1291, 'T', 3), 
(57, 1292, 'T', 4), 
(57, 1293, 'T', 5), 
(57, 445, 'T', 6), 
(57, 1295, 'T', 7), 
(57, 1296, 'T', 8), 
(57, 446, 'T', 9), 
(57, 447, 'T', 10), 
(57, 448, 'T', 11), 
(57, 1300, 'S', 12), 
(57, 1301, 'S', 13), 
(57, 1302, 'S', 14), 
(57, 444, 'S', 15), 
(57, 1304, 'S', 16), 
(57, 1305, 'S', 17), 
(57, 1306, 'S', 18), 
(57, 458, 'S', 19), 
(57, 1308, 'S', 20), 
(57, 1309, 'S', 21), 
(57, 453, 'S', 22), 
(57, 1311, 'S', 23), 
(58, 484, 'T', 1), 
(58, 485, 'T', 2), 
(58, 1314, 'T', 3), 
(58, 1315, 'T', 4), 
(58, 1316, 'T', 5), 
(58, 1317, 'T', 6), 
(58, 1318, 'T', 7), 
(58, 494, 'T', 8), 
(58, 1320, 'T', 9), 
(58, 493, 'T', 10), 
(58, 1322, 'T', 11), 
(58, 1323, 'S', 12), 
(58, 1324, 'S', 13), 
(58, 1325, 'S', 14), 
(58, 1326, 'S', 15), 
(58, 1327, 'S', 16), 
(58, 1328, 'S', 17), 
(58, 1329, 'S', 18), 
(58, 1330, 'S', 19), 
(58, 1331, 'S', 20), 
(58, 1332, 'S', 21), 
(58, 1333, 'S', 22), 
(58, 1334, 'S', 23), 
(59, 530, 'T', 1), 
(59, 531, 'T', 2), 
(59, 1337, 'T', 3), 
(59, 543, 'T', 4), 
(59, 1339, 'T', 5), 
(59, 1340, 'T', 6), 
(59, 536, 'T', 7), 
(59, 1342, 'T', 8), 
(59, 547, 'T', 9), 
(59, 1344, 'T', 10), 
(59, 1345, 'T', 11), 
(59, 1346, 'S', 12), 
(59, 550, 'S', 13), 
(59, 1348, 'S', 14), 
(59, 1349, 'S', 15), 
(59, 545, 'S', 16), 
(59, 1351, 'S', 17), 
(59, 1352, 'S', 18), 
(59, 1353, 'S', 19), 
(59, 1354, 'S', 20), 
(59, 1355, 'S', 21), 
(59, 1356, 'S', 22), 
(59, 1357, 'S', 23), 
(60, 1358, 'T', 1), 
(60, 1359, 'T', 2), 
(60, 1360, 'T', 3), 
(60, 1361, 'T', 4), 
(60, 1362, 'T', 5), 
(60, 1363, 'T', 6), 
(60, 1364, 'T', 7), 
(60, 1365, 'T', 8), 
(60, 1366, 'T', 9), 
(60, 1367, 'T', 10), 
(60, 1368, 'T', 11), 
(60, 1369, 'S', 12), 
(60, 1370, 'S', 13), 
(60, 1371, 'S', 14), 
(60, 1372, 'S', 15), 
(60, 1373, 'S', 16), 
(60, 1374, 'S', 17), 
(60, 1375, 'S', 18), 
(60, 1376, 'S', 19), 
(60, 1377, 'S', 20), 
(60, 1378, 'S', 21), 
(60, 1379, 'S', 22), 
(60, 1380, 'S', 23), 
(61, 645, 'T', 1), 
(61, 646, 'T', 2), 
(61, 647, 'T', 3), 
(61, 664, 'T', 4), 
(61, 1385, 'T', 5), 
(61, 650, 'T', 6), 
(61, 651, 'T', 7), 
(61, 652, 'T', 8), 
(61, 653, 'T', 9), 
(61, 654, 'T', 10), 
(61, 662, 'T', 11), 
(61, 1392, 'S', 12), 
(61, 657, 'S', 13), 
(61, 658, 'S', 14), 
(61, 659, 'S', 15), 
(61, 660, 'S', 16), 
(61, 1397, 'S', 17), 
(61, 1398, 'S', 18), 
(61, 1399, 'S', 19), 
(61, 1400, 'S', 20), 
(61, 665, 'S', 21), 
(61, 1402, 'S', 22), 
(61, 667, 'S', 23), 
(62, 668, 'T', 1), 
(62, 669, 'T', 2), 
(62, 684, 'T', 3), 
(62, 671, 'T', 4), 
(62, 672, 'T', 5), 
(62, 1409, 'T', 6), 
(62, 674, 'T', 7), 
(62, 675, 'T', 8), 
(62, 1412, 'T', 9), 
(62, 1413, 'T', 10), 
(62, 678, 'T', 11), 
(62, 1415, 'S', 12), 
(62, 1416, 'S', 13), 
(62, 1417, 'S', 14), 
(62, 1418, 'S', 15), 
(62, 683, 'S', 16), 
(62, 1420, 'S', 17), 
(62, 1421, 'S', 18), 
(62, 1422, 'S', 19), 
(62, 1423, 'S', 20), 
(62, 1424, 'S', 21), 
(62, 1425, 'S', 22), 
(62, 690, 'S', 23), 
(63, 691, 'T', 1), 
(63, 692, 'T', 2), 
(63, 693, 'T', 3), 
(63, 694, 'T', 4), 
(63, 695, 'T', 5), 
(63, 701, 'T', 6), 
(63, 1433, 'T', 7), 
(63, 1434, 'T', 8), 
(63, 699, 'T', 9), 
(63, 700, 'T', 10), 
(63, 1437, 'T', 11), 
(63, 1438, 'S', 12), 
(63, 1439, 'S', 13), 
(63, 704, 'S', 14), 
(63, 705, 'S', 15), 
(63, 706, 'S', 16), 
(63, 707, 'S', 17), 
(63, 1444, 'S', 18), 
(63, 1445, 'S', 19), 
(63, 1446, 'S', 20), 
(63, 697, 'S', 21), 
(63, 712, 'S', 22), 
(63, 713, 'S', 23), 
(64, 714, 'T', 1), 
(64, 1451, 'T', 2), 
(64, 1452, 'T', 3), 
(64, 717, 'T', 4), 
(64, 1454, 'T', 5), 
(64, 1455, 'T', 6), 
(64, 720, 'T', 7), 
(64, 721, 'T', 8), 
(64, 1458, 'T', 9), 
(64, 1459, 'T', 10), 
(64, 1460, 'T', 11), 
(64, 731, 'S', 12), 
(64, 1462, 'S', 13), 
(64, 1463, 'S', 14), 
(64, 1464, 'S', 15), 
(64, 1465, 'S', 16), 
(64, 730, 'S', 17), 
(64, 1467, 'S', 18), 
(64, 1468, 'S', 19), 
(64, 1469, 'S', 20), 
(64, 1470, 'S', 21), 
(64, 1471, 'S', 22), 
(64, 1472, 'S', 23), 
(65, 1473, 'T', 1), 
(65, 1474, 'T', 2), 
(65, 1475, 'T', 3), 
(65, 1476, 'T', 4), 
(65, 765, 'T', 5), 
(65, 1478, 'T', 6), 
(65, 1479, 'T', 7), 
(65, 1480, 'T', 8), 
(65, 32, 'T', 9), 
(65, 33, 'T', 10), 
(65, 30, 'T', 11), 
(65, 1484, 'S', 12), 
(65, 1485, 'S', 13), 
(65, 37, 'S', 14), 
(65, 1487, 'S', 15), 
(65, 775, 'S', 16), 
(65, 38, 'S', 17), 
(65, 1490, 'S', 18), 
(65, 39, 'S', 19), 
(65, 1492, 'S', 20), 
(65, 1493, 'S', 21), 
(65, 1494, 'S', 22), 
(65, 1495, 'S', 23), 
(66, 783, 'T', 1), 
(66, 1497, 'T', 2), 
(66, 1498, 'T', 3), 
(66, 50, 'T', 4), 
(66, 66, 'T', 5), 
(66, 1501, 'T', 6), 
(66, 789, 'T', 7), 
(66, 803, 'T', 8), 
(66, 1504, 'T', 9), 
(66, 1505, 'T', 10), 
(66, 1506, 'T', 11), 
(66, 64, 'S', 12), 
(66, 1508, 'S', 13), 
(66, 1509, 'S', 14), 
(66, 61, 'S', 15), 
(66, 1511, 'S', 16), 
(66, 1512, 'S', 17), 
(66, 1513, 'S', 18), 
(66, 1514, 'S', 19), 
(66, 1515, 'S', 20), 
(66, 1516, 'S', 21), 
(66, 1517, 'S', 22), 
(66, 1518, 'S', 23), 
(67, 806, 'T', 1),   /*<------------*/
(67, 807, 'T', 2),   /*<------------*/
(67, 808, 'T', 3), 
(67, 809, 'T', 4), 
(67, 810, 'T', 5), 
(67, 811, 'T', 6), 
(67, 812, 'T', 7), 
(67, 813, 'T', 8), 
(67, 814, 'T', 9), 
(67, 815, 'T', 10), 
(67, 1529, 'T', 11), 
(67, 817, 'S', 12), 
(67, 1531, 'S', 13), 
(67, 819, 'S', 14), 
(67, 1533, 'S', 15), 
(67, 1534, 'S', 16), 
(67, 1535, 'S', 17), 
(67, 825, 'S', 18), 
(67, 824, 'S', 19), 
(67, 1538, 'S', 20), 
(67, 1539, 'S', 21), 
(67, 827, 'S', 22), 
(67, 1541, 'S', 23), 
(68, 1542, 'T', 1), 
(68, 84, 'T', 2), 
(68, 1544, 'T', 3), 
(68, 1545, 'T', 4), 
(68, 1546, 'T', 5), 
(68, 1547, 'T', 6), 
(68, 1548, 'T', 7), 
(68, 1549, 'T', 8), 
(68, 1550, 'T', 9), 
(68, 861, 'T', 10), 
(68, 1552, 'T', 11), 
(68, 1553, 'S', 12), 
(68, 1554, 'S', 13), 
(68, 1555, 'S', 14), 
(68, 859, 'S', 15), 
(68, 1557, 'S', 16), 
(68, 856, 'S', 17)

INSERT INTO PERTENECE 
(ID_SELECCION, ID_JUGADOR, TITULARIDAD, NRO_CAMISETA) 
VALUES 
(68, 860, 'S', 18), 
(68, 870, 'S', 19), 
(68, 1561, 'S', 20), 
(68, 1562, 'S', 21), 
(68, 1563, 'S', 22), 
(68, 1564, 'S', 23), 
(69, 921, 'T', 1), 
(69, 922, 'T', 2), 
(69, 1567, 'T', 3), 
(69, 924, 'T', 4), 
(69, 1569, 'T', 5), 
(69, 926, 'T', 6), 
(69, 937, 'T', 7), 
(69, 928, 'T', 8), 
(69, 1573, 'T', 9), 
(69, 930, 'T', 10), 
(69, 931, 'T', 11), 
(69, 932, 'S', 12), 
(69, 1577, 'S', 13), 
(69, 1578, 'S', 14), 
(69, 1579, 'S', 15), 
(69, 1580, 'S', 16), 
(69, 1581, 'S', 17), 
(69, 1582, 'S', 18), 
(69, 1583, 'S', 19), 
(69, 940, 'S', 20), 
(69, 1585, 'S', 21), 
(69, 1586, 'S', 22), 
(69, 1587, 'S', 23), 
(70, 944, 'T', 1), 
(70, 945, 'T', 2), 
(70, 946, 'T', 3), 
(70, 1591, 'T', 4), 
(70, 948, 'T', 5), 
(70, 949, 'T', 6), 
(70, 950, 'T', 7), 
(70, 1595, 'T', 8), 
(70, 1596, 'T', 9), 
(70, 953, 'T', 10), 
(70, 1598, 'T', 11), 
(70, 1599, 'S', 12), 
(70, 1600, 'S', 13), 
(70, 1601, 'S', 14), 
(70, 963, 'S', 15), 
(70, 959, 'S', 16), 
(70, 960, 'S', 17), 
(70, 961, 'S', 18), 
(70, 1606, 'S', 19), 
(70, 1607, 'S', 20), 
(70, 964, 'S', 21), 
(70, 1609, 'S', 22), 
(70, 1610, 'S', 23), 
(71, 1611, 'T', 1), 
(71, 991, 'T', 2), 
(71, 1613, 'T', 3), 
(71, 993, 'T', 4), 
(71, 994, 'T', 5), 
(71, 995, 'T', 6), 
(71, 996, 'T', 7), 
(71, 1618, 'T', 8), 
(71, 1619, 'T', 9), 
(71, 999, 'T', 10), 
(71, 1003, 'T', 11), 
(71, 1622, 'S', 12), 
(71, 1623, 'S', 13), 
(71, 1624, 'S', 14), 
(71, 1625, 'S', 15), 
(71, 1626, 'S', 16), 
(71, 1006, 'S', 17), 
(71, 1005, 'S', 18), 
(71, 1004, 'S', 19), 
(71, 1630, 'S', 20), 
(71, 1010, 'S', 21), 
(71, 1632, 'S', 22), 
(71, 1012, 'S', 23), 
(72, 1634, 'T', 1), 
(72, 1635, 'T', 2), 
(72, 1636, 'T', 3), 
(72, 164, 'T', 4), 
(72, 1638, 'T', 5), 
(72, 1639, 'T', 6), 
(72, 1640, 'T', 7), 
(72, 1641, 'T', 8), 
(72, 171, 'T', 9), 
(72, 182, 'T', 10), 
(72, 1644, 'T', 11), 
(72, 1645, 'S', 12), 
(72, 1646, 'S', 13), 
(72, 1647, 'S', 14), 
(72, 1648, 'S', 15), 
(72, 1649, 'S', 16), 
(72, 1650, 'S', 17), 
(72, 1651, 'S', 18), 
(72, 1652, 'S', 19), 
(72, 1653, 'S', 20), 
(72, 1654, 'S', 21), 
(72, 1655, 'S', 22), 
(72, 1656, 'S', 23), 
(73, 1657, 'T', 1), 
(73, 1658, 'T', 2), 
(73, 1659, 'T', 3), 
(73, 1660, 'T', 4), 
(73, 1661, 'T', 5), 
(73, 1662, 'T', 6), 
(73, 1663, 'T', 7), 
(73, 1664, 'T', 8), 
(73, 1665, 'T', 9), 
(73, 1666, 'T', 10), 
(73, 1667, 'T', 11), 
(73, 1668, 'S', 12), 
(73, 1669, 'S', 13), 
(73, 1670, 'S', 14), 
(73, 1671, 'S', 15), 
(73, 1672, 'S', 16), 
(73, 1673, 'S', 17), 
(73, 1674, 'S', 18), 
(73, 1675, 'S', 19), 
(73, 1676, 'S', 20), 
(73, 1677, 'S', 21), 
(73, 1678, 'S', 22), 
(73, 1679, 'S', 23), 
(74, 1680, 'T', 1), 
(74, 1681, 'T', 2), 
(74, 1682, 'T', 3), 
(74, 1683, 'T', 4), 
(74, 1684, 'T', 5), 
(74, 1685, 'T', 6), 
(74, 1686, 'T', 7), 
(74, 1049, 'T', 8), 
(74, 1688, 'T', 9), 
(74, 1054, 'T', 10), 
(74, 1690, 'T', 11), 
(74, 1691, 'S', 12), 
(74, 1692, 'S', 13), 
(74, 1046, 'S', 14), 
(74, 1040, 'S', 15), 
(74, 1051, 'S', 16), 
(74, 1696, 'S', 17), 
(74, 1697, 'S', 18), 
(74, 1698, 'S', 19), 
(74, 1699, 'S', 20), 
(74, 1700, 'S', 21), 
(74, 1701, 'S', 22), 
(74, 1702, 'S', 23), 
(75, 208, 'T', 1), 
(75, 1704, 'T', 2), 
(75, 1705, 'T', 3), 
(75, 1062, 'T', 4), 
(75, 1707, 'T', 5), 
(75, 1708, 'T', 6), 
(75, 1069, 'T', 7), 
(75, 1710, 'T', 8), 
(75, 1067, 'T', 9), 
(75, 1712, 'T', 10), 
(75, 1713, 'T', 11), 
(75, 1714, 'S', 12), 
(75, 1715, 'S', 13), 
(75, 1716, 'S', 14), 
(75, 1717, 'S', 15), 
(75, 223, 'S', 16), 
(75, 1719, 'S', 17), 
(75, 1720, 'S', 18), 
(75, 1721, 'S', 19), 
(75, 1722, 'S', 20), 
(75, 1723, 'S', 21), 
(75, 1724, 'S', 22), 
(75, 1725, 'S', 23), 
(76, 231, 'T', 1), 
(76, 1727, 'T', 2), 
(76, 1728, 'T', 3), 
(76, 1084, 'T', 4), 
(76, 1086, 'T', 5), 
(76, 236, 'T', 6), 
(76, 1095, 'T', 7), 
(76, 248, 'T', 8), 
(76, 1734, 'T', 9), 
(76, 238, 'T', 10), 
(76, 1736, 'T', 11), 
(76, 1737, 'S', 12), 
(76, 243, 'S', 13), 
(76, 1739, 'S', 14), 
(76, 1740, 'S', 15), 
(76, 1741, 'S', 16), 
(76, 250, 'S', 17), 
(76, 1743, 'S', 18), 
(76, 1744, 'S', 19), 
(76, 1745, 'S', 20), 
(76, 1746, 'S', 21), 
(76, 1747, 'S', 22), 
(76, 253, 'S', 23), 
(77, 1749, 'T', 1), 
(77, 1750, 'T', 2), 
(77, 1751, 'T', 3), 
(77, 1752, 'T', 4), 
(77, 1753, 'T', 5), 
(77, 1754, 'T', 6), 
(77, 1755, 'T', 7), 
(77, 1756, 'T', 8), 
(77, 1757, 'T', 9), 
(77, 1758, 'T', 10), 
(77, 1759, 'T', 11), 
(77, 1760, 'S', 12), 
(77, 1761, 'S', 13), 
(77, 1762, 'S', 14), 
(77, 1763, 'S', 15), 
(77, 1764, 'S', 16), 
(77, 1765, 'S', 17), 
(77, 1766, 'S', 18), 
(77, 1767, 'S', 19), 
(77, 1768, 'S', 20), 
(77, 1769, 'S', 21), 
(77, 1770, 'S', 22), 
(77, 1771, 'S', 23), 
(78, 1772, 'T', 1), 
(78, 1773, 'T', 2), 
(78, 1176, 'T', 3), 
(78, 1775, 'T', 4), 
(78, 1776, 'T', 5), 
(78, 1777, 'T', 6), 
(78, 1778, 'T', 7), 
(78, 1779, 'T', 8), 
(78, 1780, 'T', 9), 
(78, 1183, 'T', 10), 
(78, 1782, 'T', 11), 
(78, 1783, 'S', 12), 
(78, 1784, 'S', 13), 
(78, 1785, 'S', 14), 
(78, 1188, 'S', 15), 
(78, 1189, 'S', 16), 
(78, 1788, 'S', 17), 
(78, 1182, 'S', 18), 
(78, 1177, 'S', 19), 
(78, 1791, 'S', 20), 
(78, 1194, 'S', 21), 
(78, 1793, 'S', 22), 
(78, 1794, 'S', 23), 
(79, 366, 'T', 1), 
(79, 1796, 'T', 2), 
(79, 1797, 'T', 3), 
(79, 363, 'T', 4), 
(79, 350, 'T', 5), 
(79, 352, 'T', 6), 
(79, 1801, 'T', 7), 
(79, 1802, 'T', 8), 
(79, 354, 'T', 9), 
(79, 1129, 'T', 10), 
(79, 1805, 'T', 11), 
(79, 1806, 'S', 12), 
(79, 1807, 'S', 13), 
(79, 1808, 'S', 14), 
(79, 1237, 'S', 15), 
(79, 1235, 'S', 16), 
(79, 362, 'S', 17), 
(79, 1812, 'S', 18), 
(79, 1813, 'S', 19), 
(79, 1814, 'S', 20), 
(79, 1222, 'S', 21), 
(79, 1241, 'S', 22), 
(79, 1817, 'S', 23), 
(80, 1818, 'T', 1), 
(80, 1254, 'T', 2), 
(80, 409, 'T', 3), 
(80, 1821, 'T', 4), 
(80, 1822, 'T', 5), 
(80, 1264, 'T', 6), 
(80, 1251, 'T', 7), 
(80, 1825, 'T', 8), 
(80, 1260, 'T', 9), 
(80, 1827, 'T', 10), 
(80, 1828, 'T', 11), 
(80, 1829, 'S', 12), 
(80, 1255, 'S', 13), 
(80, 1831, 'S', 14), 
(80, 1832, 'S', 15), 
(80, 407, 'S', 16), 
(80, 1834, 'S', 17), 
(80, 1835, 'S', 18), 
(80, 1247, 'S', 19), 
(80, 1837, 'S', 20), 
(80, 1838, 'S', 21), 
(80, 1839, 'S', 22), 
(80, 1840, 'S', 23), 
(81, 1266, 'T', 1), 
(81, 1842, 'T', 2), 
(81, 417, 'T', 3), 
(81, 418, 'T', 4), 
(81, 1270, 'T', 5), 
(81, 1846, 'T', 6), 
(81, 1272, 'T', 7), 
(81, 1273, 'T', 8), 
(81, 1274, 'T', 9), 
(81, 431, 'T', 10), 
(81, 425, 'T', 11), 
(81, 1277, 'S', 12), 
(81, 427, 'S', 13), 
(81, 428, 'S', 14), 
(81, 429, 'S', 15), 
(81, 1856, 'S', 16), 
(81, 1857, 'S', 17), 
(81, 432, 'S', 18), 
(81, 1284, 'S', 19), 
(81, 1285, 'S', 20), 
(81, 1861, 'S', 21), 
(81, 1862, 'S', 22), 
(81, 1863, 'S', 23), 
(82, 1864, 'T', 1), 
(82, 1865, 'T', 2), 
(82, 1866, 'T', 3), 
(82, 1867, 'T', 4), 
(82, 1868, 'T', 5), 
(82, 1869, 'T', 6), 
(82, 1870, 'T', 7), 
(82, 1871, 'T', 8), 
(82, 1872, 'T', 9), 
(82, 1873, 'T', 10), 
(82, 1874, 'T', 11), 
(82, 1875, 'S', 12), 
(82, 1876, 'S', 13), 
(82, 1877, 'S', 14), 
(82, 1878, 'S', 15), 
(82, 1879, 'S', 16), 
(82, 1880, 'S', 17), 
(82, 1881, 'S', 18), 
(82, 1882, 'S', 19), 
(82, 1883, 'S', 20), 
(82, 1884, 'S', 21), 
(82, 1885, 'S', 22), 
(82, 1886, 'S', 23), 
(83, 1887, 'T', 1), 
(83, 1888, 'T', 2), 
(83, 504, 'T', 3), 
(83, 1890, 'T', 4), 
(83, 1891, 'T', 5), 
(83, 1892, 'T', 6), 
(83, 1318, 'T', 7), 
(83, 1894, 'T', 8), 
(83, 1895, 'T', 9), 
(83, 493, 'T', 10), 
(83, 1322, 'T', 11), 
(83, 1898, 'S', 12), 
(83, 1899, 'S', 13), 
(83, 1900, 'S', 14), 
(83, 1901, 'S', 15), 
(83, 1902, 'S', 16), 
(83, 1328, 'S', 17), 
(83, 1904, 'S', 18), 
(83, 1905, 'S', 19), 
(83, 1906, 'S', 20), 
(83, 1907, 'S', 21), 
(83, 1333, 'S', 22), 
(83, 1909, 'S', 23), 
(84, 1910, 'T', 1), 
(84, 1911, 'T', 2), 
(84, 1912, 'T', 3), 
(84, 1913, 'T', 4), 
(84, 1914, 'T', 5), 
(84, 1915, 'T', 6), 
(84, 1916, 'T', 7), 
(84, 1917, 'T', 8), 
(84, 1918, 'T', 9), 
(84, 1919, 'T', 10), 
(84, 1920, 'T', 11), 
(84, 1921, 'S', 12), 
(84, 1922, 'S', 13), 
(84, 1923, 'S', 14), 
(84, 1924, 'S', 15), 
(84, 1925, 'S', 16), 
(84, 1926, 'S', 17), 
(84, 1927, 'S', 18), 
(84, 1928, 'S', 19), 
(84, 1929, 'S', 20), 
(84, 1930, 'S', 21), 
(84, 1931, 'S', 22), 
(84, 1932, 'S', 23), 
(85, 1933, 'T', 1), 
(85, 1934, 'T', 2), 
(85, 1935, 'T', 3), 
(85, 1936, 'T', 4), 
(85, 1937, 'T', 5), 
(85, 1938, 'T', 6), 
(85, 1939, 'T', 7), 
(85, 1940, 'T', 8), 
(85, 1941, 'T', 9), 
(85, 1942, 'T', 10), 
(85, 1943, 'T', 11), 
(85, 1944, 'S', 12), 
(85, 1945, 'S', 13), 
(85, 1946, 'S', 14), 
(85, 1947, 'S', 15), 
(85, 1948, 'S', 16), 
(85, 1949, 'S', 17), 
(85, 1950, 'S', 18), 
(85, 1951, 'S', 19), 
(85, 1952, 'S', 20), 
(85, 1953, 'S', 21), 
(85, 1954, 'S', 22), 
(85, 1955, 'S', 23), 
(86, 1956, 'T', 1), 
(86, 1957, 'T', 2), 
(86, 1958, 'T', 3), 
(86, 1959, 'T', 4), 
(86, 1960, 'T', 5), 
(86, 1961, 'T', 6), 
(86, 1962, 'T', 7), 
(86, 1963, 'T', 8), 
(86, 1964, 'T', 9), 
(86, 1965, 'T', 10), 
(86, 1966, 'T', 11), 
(86, 1967, 'S', 12), 
(86, 1968, 'S', 13), 
(86, 1969, 'S', 14), 
(86, 1970, 'S', 15), 
(86, 1971, 'S', 16), 
(86, 1972, 'S', 17), 
(86, 1973, 'S', 18), 
(86, 1974, 'S', 19), 
(86, 1975, 'S', 20), 
(86, 1976, 'S', 21), 
(86, 1977, 'S', 22), 
(86, 1978, 'S', 23), 
(87, 1979, 'T', 1), 
(87, 531, 'T', 2), 
(87, 1337, 'T', 3), 
(87, 1982, 'T', 4), 
(87, 1983, 'T', 5), 
(87, 1984, 'T', 6), 
(87, 536, 'T', 7), 
(87, 1342, 'T', 8), 
(87, 1987, 'T', 9), 
(87, 1988, 'T', 10), 
(87, 1989, 'T', 11), 
(87, 1990, 'S', 12), 
(87, 1991, 'S', 13), 
(87, 1340, 'S', 14), 
(87, 1993, 'S', 15), 
(87, 1994, 'S', 16), 
(87, 1995, 'S', 17), 
(87, 1996, 'S', 18), 
(87, 1997, 'S', 19), 
(87, 1998, 'S', 20), 
(87, 1999, 'S', 21), 
(87, 1356, 'S', 22), 
(87, 2001, 'S', 23), 
(88, 1358, 'T', 1), 
(88, 2003, 'T', 2), 
(88, 2004, 'T', 3), 
(88, 1361, 'T', 4), 
(88, 1362, 'T', 5), 
(88, 2007, 'T', 6), 
(88, 2008, 'T', 7), 
(88, 2009, 'T', 8), 
(88, 1367, 'T', 9), 
(88, 2011, 'T', 10), 
(88, 2012, 'T', 11), 
(88, 2013, 'S', 12), 
(88, 2014, 'S', 13), 
(88, 1370, 'S', 14), 
(88, 2016, 'S', 15), 
(88, 2017, 'S', 16), 
(88, 2018, 'S', 17), 
(88, 2019, 'S', 18), 
(88, 1376, 'S', 19), 
(88, 2021, 'S', 20), 
(88, 2022, 'S', 21), 
(88, 2023, 'S', 22), 
(88, 2024, 'S', 23), 
(89, 2025, 'T', 1), 
(89, 2026, 'T', 2), 
(89, 2027, 'T', 3), 
(89, 2028, 'T', 4), 
(89, 2029, 'T', 5), 
(89, 2030, 'T', 6), 
(89, 2031, 'T', 7), 
(89, 2032, 'T', 8), 
(89, 2033, 'T', 9), 
(89, 2034, 'T', 10), 
(89, 2035, 'T', 11), 
(89, 2036, 'S', 12), 
(89, 2037, 'S', 13), 
(89, 2038, 'S', 14), 
(89, 2039, 'S', 15), 
(89, 2040, 'S', 16), 
(89, 2041, 'S', 17), 
(89, 2042, 'S', 18), 
(89, 2043, 'S', 19), 
(89, 2044, 'S', 20), 
(89, 2045, 'S', 21), 
(89, 2046, 'S', 22), 
(89, 2047, 'S', 23), 
(90, 2048, 'T', 1), 
(90, 2049, 'T', 2), 
(90, 2050, 'T', 3), 
(90, 2051, 'T', 4), 
(90, 2052, 'T', 5), 
(90, 2053, 'T', 6), 
(90, 2054, 'T', 7), 
(90, 2055, 'T', 8), 
(90, 2056, 'T', 9), 
(90, 2057, 'T', 10), 
(90, 2058, 'T', 11), 
(90, 2059, 'S', 12), 
(90, 2060, 'S', 13), 
(90, 2061, 'S', 14), 
(90, 2062, 'S', 15), 
(90, 2063, 'S', 16), 
(90, 2064, 'S', 17), 
(90, 2065, 'S', 18), 
(90, 2066, 'S', 19), 
(90, 2067, 'S', 20), 
(90, 2068, 'S', 21), 
(90, 2069, 'S', 22), 
(90, 2070, 'S', 23), 
(91, 553, 'T', 1), 
(91, 554, 'T', 2), 
(91, 559, 'T', 3), 
(91, 2074, 'T', 4), 
(91, 2075, 'T', 5), 
(91, 558, 'T', 6), 
(91, 2077, 'T', 7), 
(91, 2078, 'T', 8), 
(91, 2079, 'T', 9), 
(91, 2080, 'T', 10), 
(91, 555, 'T', 11), 
(91, 2082, 'S', 12), 
(91, 2083, 'S', 13), 
(91, 2084, 'S', 14), 
(91, 2085, 'S', 15), 
(91, 2086, 'S', 16), 
(91, 2087, 'S', 17), 
(91, 2088, 'S', 18), 
(91, 2089, 'S', 19), 
(91, 2090, 'S', 20), 
(91, 2091, 'S', 21), 
(91, 2092, 'S', 22), 
(91, 2093, 'S', 23), 
(92, 1392, 'T', 1), 
(92, 2095, 'T', 2), 
(92, 647, 'T', 3), 
(92, 2097, 'T', 4), 
(92, 660, 'T', 5), 
(92, 650, 'T', 6), 
(92, 2100, 'T', 7), 
(92, 1397, 'T', 8), 
(92, 2102, 'T', 9), 
(92, 2103, 'T', 10), 
(92, 2104, 'T', 11), 
(92, 2105, 'S', 12), 
(92, 2106, 'S', 13), 
(92, 1402, 'S', 14), 
(92, 659, 'S', 15), 
(92, 2109, 'S', 16), 
(92, 2110, 'S', 17), 
(92, 1398, 'S', 18), 
(92, 1399, 'S', 19), 
(92, 2113, 'S', 20), 
(92, 665, 'S', 21), 
(92, 2115, 'S', 22), 
(92, 667, 'S', 23), 
(93, 2117, 'T', 1), 
(93, 2118, 'T', 2), 
(93, 2119, 'T', 3), 
(93, 2120, 'T', 4), 
(93, 2121, 'T', 5), 
(93, 2122, 'T', 6), 
(93, 2123, 'T', 7), 
(93, 2124, 'T', 8), 
(93, 2125, 'T', 9), 
(93, 2126, 'T', 10), 
(93, 2127, 'T', 11), 
(93, 2128, 'S', 12), 
(93, 2129, 'S', 13), 
(93, 2130, 'S', 14), 
(93, 2131, 'S', 15), 
(93, 2132, 'S', 16), 
(93, 2133, 'S', 17), 
(93, 2134, 'S', 18), 
(93, 2135, 'S', 19), 
(93, 2136, 'S', 20), 
(93, 2137, 'S', 21), 
(93, 2138, 'S', 22), 
(93, 2139, 'S', 23), 
(94, 1415, 'T', 1), 
(94, 669, 'T', 2), 
(94, 2142, 'T', 3), 
(94, 2143, 'T', 4), 
(94, 2144, 'T', 5), 
(94, 1409, 'T', 6), 
(94, 2146, 'T', 7), 
(94, 2147, 'T', 8), 
(94, 1412, 'T', 9), 
(94, 1413, 'T', 10), 
(94, 678, 'T', 11), 
(94, 2151, 'S', 12), 
(94, 1416, 'S', 13), 
(94, 2153, 'S', 14), 
(94, 1418, 'S', 15), 
(94, 683, 'S', 16), 
(94, 2156, 'S', 17), 
(94, 1420, 'S', 18), 
(94, 1422, 'S', 19), 
(94, 1423, 'S', 20), 
(94, 1424, 'S', 21), 
(94, 1425, 'S', 22), 
(94, 690, 'S', 23), 
(95, 2163, 'T', 1), 
(95, 2164, 'T', 2), 
(95, 2165, 'T', 3), 
(95, 2166, 'T', 4), 
(95, 2167, 'T', 5), 
(95, 2168, 'T', 6), 
(95, 2169, 'T', 7), 
(95, 2170, 'T', 8), 
(95, 2171, 'T', 9), 
(95, 2172, 'T', 10), 
(95, 2173, 'T', 11), 
(95, 2174, 'S', 12), 
(95, 2175, 'S', 13), 
(95, 2176, 'S', 14), 
(95, 2177, 'S', 15), 
(95, 2178, 'S', 16), 
(95, 2179, 'S', 17), 
(95, 2180, 'S', 18), 
(95, 2181, 'S', 19), 
(95, 2182, 'S', 20), 
(95, 2183, 'S', 21), 
(95, 2184, 'S', 22), 
(95, 2185, 'S', 23), 
(96, 691, 'T', 1), 
(96, 1439, 'T', 2), 
(96, 693, 'T', 3), 
(96, 2189, 'T', 4), 
(96, 2190, 'T', 5), 
(96, 2191, 'T', 6), 
(96, 1433, 'T', 7), 
(96, 2193, 'T', 8), 
(96, 699, 'T', 9), 
(96, 2195, 'T', 10), 
(96, 1437, 'T', 11), 
(96, 2197, 'S', 12), 
(96, 2198, 'S', 13), 
(96, 2199, 'S', 14), 
(96, 2200, 'S', 15), 
(96, 706, 'S', 16), 
(96, 2202, 'S', 17), 
(96, 2203, 'S', 18), 
(96, 1445, 'S', 19), 
(96, 2205, 'S', 20), 
(96, 697, 'S', 21), 
(96, 712, 'S', 22), 
(96, 713, 'S', 23);  /*OK*/



INSERT INTO GOL(ID_GOL,            
A_FAVOR,
MINUTO,
ID_JUGADOR,
ID_PARTIDO,
ID_TIPO_DE_GOL)
VALUES
(1  ,'S','55',629,1,1 )   ,
(2  ,'S','79',418,1,1 )   ,
(3  ,'S','24',700,3,1 )   ,
(4  ,'S','80',700,3,3 )   ,
(5  ,'S','95',701,3,1 )   ,
(6  ,'S','64',428,4,1 )   ,
(7  ,'S','79',424,4,1 )   ,
(8  ,'S','43',699,5,1 )   ,
(9  ,'S','20',641,6,1 )   ,
(10 ,'S','37',630,6,1 )   ,
(11 ,'S','70',222,6,1 )   ,
(12 ,'S','6' ,29 ,7,1 )   ,
(13 ,'S','7' ,405,8,1 )   ,
(14 ,'S','52',398,8,1 )   ,
(15 ,'S','16',495,9,1 )   ,
(16 ,'S','44',290,9,1 )   ,
(17 ,'S','71',291,9,1 )   ,
(18 ,'N','17',401,10,1)   ,
(19 ,'S','33',32 ,10,1)   ,
(20 ,'S','46',408,10,1)   ,
(21 ,'S','76',32 ,10,1)   ,
(22 ,'S','80',32 ,10,1)   ,
(23 ,'S','12',495,11,1)   ,
(24 ,'S','38',405,11,1)   ,
(25 ,'S','49',401,11,1)   ,
(26 ,'S','69',491,11,3)   ,
(27 ,'S','77',25,12, 1)   ,
(28 ,'S','89',41,12, 1)   ,
(29 ,'S','4' ,188,13,1)   ,
(30 ,'S','40',721,13,1)   ,
(31 ,'S','79',606,14,1)   ,
(32 ,'S','13',608,15,1)   ,
(33 ,'S','42',607,15,1)   ,
(34 ,'S','48',723,15,1)   ,
(35 ,'S','82',717,15,1)   ,
(36 ,'S','23',203,17,1)   ,
(37 ,'S','91',723,18,1)   ,
(38 ,'S','8', 240,19,1)   ,
(39 ,'S','26',241,19,1)   ,
(40 ,'S','68',243,19,1)   ,
(41 ,'S','70',249,19,1)   ,
(42 ,'S','85',256,20,1)   ,
(43 ,'S','38',566,21,1)   ,
(44 ,'S','11',60 ,22,1)   ,
(45 ,'S','25',256,22,3)   ,
(46 ,'S','60',238,23,1)   ,
(47 ,'S','69',50 ,24,1)   ,
(48 ,'S','73',63 ,24,1)   ,
(49 ,'S','84',561,24,1)   ,
(50 ,'N','46',168,25,1)   ,
(51 ,'S','85',444,25,1)   ,
(52 ,'S','39',363,26,1)   ,
(53 ,'S','53',447,27,1)   ,
(54 ,'S','10',101,28,1)   ,
(55 ,'S','33',172,28,1)   ,
(56 ,'S','61',180,28,1)   ,
(57 ,'S','17',363,29,1)   ,
(58 ,'S','30',352,29,1)   ,
(59 ,'S','81',170,29,1)   ,
(60 ,'S','87',354,29,1)   ,
(61 ,'S','36',446,30,1)   ,
(62 ,'S','65',101,30,3)   ,
(63 ,'S','83',458,30,1)   ,
(64 ,'S','39',527,31,1)   ,
(65 ,'S','63',328,31,1)   ,
(66 ,'S','50',586,32,1)   ,
(67 ,'S','93',464,32,1)   ,
(68 ,'S','27',519,33,1)   ,
(69 ,'S','86',522,33,1)   ,
(70 ,'S','7' ,469,34,1)   ,
(71 ,'S','29',331,34,3)   ,
(72 ,'S','25',586,35,1)   ,
(73 ,'S','73',586,35,1)   ,
(74 ,'S','81',332,35,1)   ,
(75 ,'S','89',595,35,1)   ,
(76 ,'S','92',340,35,1)   ,
(77 ,'S','55',71 ,38,1)   ,
(78 ,'S','72',76 ,38,1)   ,
(79 ,'S','89',376,38,1)   ,
(80 ,'S','25',78 ,39,1)   ,
(81 ,'S','50',78 ,39,1)   ,
(82 ,'S','62',76,39, 1)   ,
(83 ,'S','79',149,39,1)   ,
(84 ,'S','29',545,40,1)   ,
(85 ,'S','53',540,40,1)   ,
(86 ,'S','56',547,40,1)   ,
(87 ,'S','60',548,40,1)   ,
(88 ,'S','81',538,40,1)   ,
(89 ,'S','87',536,40,1)   ,
(90 ,'S','89',548,40,1)   ,
(91 ,'S','14',157,42,1)   ,
(92 ,'S','20',151,42,1)   ,
(93 ,'S','82',146,42,1)   ,
(94 ,'S','34',130,43,1)   ,
(95 ,'S','52',683,44,1)   ,
(96 ,'S','75',126,45,1)   ,
(97 ,'S','17',651,46,1)   ,
(98 ,'S','51',651,46,1)   ,
(99 ,'S','24',651,47,1)   ,
(100,'S','37',650,47,1)   ,
(101,'S','47',135,47,1)   ,
(102,'S','8' ,699,49,1)   ,
(103,'S','68',408,49,1)   ,
(104,'S','80',699,49,1)   ,
(105,'S','5' ,276,50,1)   ,
(106,'S','62',723,50,3)   ,
(107,'S','93',256,50,1)   ,
(108,'S','20',241,51,1)   ,
(109,'S','32',240,51,1)   ,
(110,'S','37',199,51,1)   ,
(111,'S','67',243,51,1)   ,
(112,'S','70',243,51,1)   ,
(113,'S','26',34 ,52,1)   ,
(114,'S','33',32 ,52,1)   ,
(115,'S','52',34 ,52,1)   ,
(116,'S','71',428,52,1)   ,
(117,'S','18',448,53,1)   ,
(118,'S','84',447,53,1)   ,
(119,'S','94',586,53,1)   ,
(120,'S','35',73 ,54,1)   ,
(121,'S','38',78 ,54,1)   ,
(122,'S','59',80 ,54,1)   ,
(123,'S','63',651,56,1)   ,
(124,'S','10',80 ,57,1)   ,
(125,'S','53',447,57,1)   ,
(126,'S','68',447,57,1)   ,
(127,'S','47',264,58,1)   ,
(128,'S','55',700,58,1)   ,
(129,'S','3' ,243,59,1)   ,
(130,'S','68',241,59,1)   ,
(131,'S','74',233,59,1)   ,
(132,'S','89',241,59,1)   ,
(133,'S','83',651,60,1)   ,
(134,'S','18',442,61,1)   ,
(135,'S','41',700,61,1)   ,
(136,'S','70',447,61,1)   ,
(137,'S','73',448,61,1)   ,
(138,'S','92',706,61,1)   ,
(139,'S','73',649,62,1)   ,
(140,'S','19',243,63,1)   ,
(141,'S','28',697,63,1)   ,
(142,'S','51',700,63,1)   ,
(143,'S','56',232,63,1)   ,
(144,'S','82',236,63,1)   ,
(145,'S','116',650,64,1)  ,
(146,'N','11',857,65,1 )  ,
(147,'S','71',861,65,1)   ,
(148,'S','91',862,65,1)   ,
(149,'S','61',1284,66,1)  ,
(150,'S','27',658,67, 3)  ,
(151,'S','44',446,67, 1)  ,
(152,'S','72',446,67 ,1)  ,
(153,'S','53',448,67, 1)  ,
(154,'S','80',448,67, 1)  ,
(155,'S','64',1291,67,1)  ,
(156,'S','12',122 ,68,1)  ,
(157,'S','14',125 ,68,1)  ,
(158,'S','35', 50,68 ,1)  ,
(159,'S','92',130,68,1 )  ,
(160,'S','5' ,927,69,1 )  ,
(161,'S','58',929,69,1 )  ,
(162,'S','93',930,69,1 )  ,
(163,'S','24',697,70,3 )  ,
(164,'S','54',1599,70,1)  ,
(165,'S','57',949,70 ,1)  ,
(166,'S','84',964,70,1 )  ,
(167,'S','37',1044,71,1)  ,
(168,'S','35',337,71,1 )  ,
(169,'S','50',1205,71,1)  ,
(170,'S','64',978, 72,1)  ,
(171,'S','16',363, 72,1)  ,
(172,'S','66',148, 72,1)  ,
(173,'S','22',1025,73,1)  ,
(174,'S','48',1421,73,1)  ,
(175,'S','93',1412,73,1)  ,
(176,'S','45',1068,74,3)  ,
(177,'S','72',1068,74,1)  ,
(178,'N','48',317,74 ,1)  ,
(179,'S','3' ,833,75,1 )  ,
(180,'S','65',33, 75,1 )  ,
(181,'S','84',837,75,1 )  ,
(182,'S','12',243,76,3 )  ,
(183,'S','46',243,76,1 )  ,
(184,'S','78',243,76,1 )  ,
(185,'S','87',1086,76,1)  ,
(186,'S','1' ,721 ,78,1)  ,
(187,'S','86',1455,78,1)  ,
(188,'S','82',266 ,78,1)  ,
(189,'S','25',746,79 ,3)  ,
(190,'S','70',813,79, 1)  ,
(191,'S','80',819,79, 1)  ,
(192,'S','68',1253,80,1)  ,
(193,'S','74',1368,80,1)  ,
(194,'S','20',448,82 ,1)  ,
(195,'S','58',449,82, 1)  ,
(196,'S','68',1309,82,1)  ,
(197,'S','21',50  ,82,1)  ,
(198,'S','54',61  ,82,3)  ,
(199,'S','19',908 ,83,1)  ,
(200,'S','43',917 ,83,1)  ,
(201,'S','11',1007,84,1)  ,
(202,'S','48',993 ,84,1)  ,
(203,'S','61',1006,84,1)  ,
(204,'S','73',1006,84,1)  ,
(205,'S','73',148 ,85,1)  ,
(206,'S','64',930 ,85,1)  ,
(207,'S','64',940 ,85,1)  ,
(208,'S','75',194 ,86,1)  ,
(209,'S','39',699 ,86,1)  ,
(210,'S','85',699 ,86,1)  ,
(211,'S','44',953 ,88,1)  ,
(212,'S','81',1418,89,1)  ,
(213,'S','87',1413,89,1)  ,
(214,'S','17',1067,89,1)  ,
(215,'S','18',1072,89,1)  ,
(216,'S','40',227 ,89,1)  ,
(217,'S','67',1068,89,1)  ,
(218,'S','73',1076,89,1)  ,
(219,'S','31',1163,90,1)  ,
(220,'S','34',1025,90,1)  ,
(221,'S','65',1025,90,1)  ,
(222,'S','91',33  ,91,1)  ,
(223,'S','51',1100,92,1)  ,
(224,'S','71',241 ,92,1)  ,
(225,'S','54',266 ,92,1)  ,
(226,'S','63',256 ,92,1)  ,
(227,'S','29',494 ,93,1)  ,
(228,'S','88',822 ,94,1)  ,
(229,'S','50',1251,95,1)  ,
(230,'S','72',1255,95,1)  ,
(231,'S','26',749 ,95,1)  ,
(232,'S','28',5   ,95,1)  ,
(233,'S','38',754 ,95,1)  ,
(234,'S','62',747 ,95,1)  ,
(235,'S','64',1462,96,1)  ,
(236,'S','81',721 ,96,1)  ,
(237,'S','5' ,1351,96,1)  ,
(238,'S','95',1352,96,1)  ,
(239,'S','36',651 ,97,1)  ,
(240,'S','69',653 ,97,1)  ,
(241,'S','82',657 ,97,1)  ,
(242,'S','77',1306,98,1)  ,
(243,'S','92',1309,98,1)  ,
(244,'S','26',113 ,99,1)  ,
(245,'S','17',861 ,99,1)  ,
(246,'S','34',861 ,99,1)  ,
(247,'S','49',860 ,99,1)  ,
(248,'S','84',856 ,99,1)  ,
(249,'S','87',993 ,100,1) ,
(250,'S','72',418 ,100,1) ,
(251,'S','75',432 ,100,1) ,
(252,'S','82',428 ,100,1) ,
(253,'S','81',693 ,101,1) ,
(254,'S','46',354 ,103,1) ,
(255,'S','17',931 ,103,3) ,
(256,'S','82',941 ,103,1) ,
(257,'S','55',941 ,103,1) ,
(258,'S','89',930 ,103,1) ,
(259,'S','42',1149,104,1) ,
(260,'S','93',283 ,104,3) ,
(261,'S','74',978 ,104,1) ,
(262,'S','23',839 ,105,1) ,
(263,'S','59',836 ,105,1) ,
(264,'S','83',830 ,105,1) ,
(265,'S','82',1189,105,1) ,
(266,'S','4' ,1318,106,1) ,
(267,'S','47',1318,106,1) ,
(268,'S','3' ,33  ,106,1) ,
(269,'S','46',33  ,106,1) ,
(270,'S','50',775 ,106,1) ,
(271,'S','6' ,690 ,108,1) ,
(272,'S','31',690 ,108,1) ,
(273,'S','71',690 ,108,1) ,
(274,'S','55',243 ,109,1) ,
(275,'N','30',1125,110,1) ,
(276,'S','80',536 ,110,1) ,
(277,'S','57',256 ,110,1) ,
(278,'S','77',810 ,111,1) ,
(279,'S','60',749 ,112,1) ,
(280,'S','6' ,1366,112,1) ,
(281,'S','18',855 ,113,1) ,
(282,'S','32',122 ,113,1) ,
(283,'S','28',930 ,114,1) ,
(284,'S','50',930 ,114,1) ,
(285,'S','88',447 ,115,1) ,
(286,'S','94',458 ,115,3) ,
(287,'S','48',431 ,115,1) ,
(288,'S','52',953 ,116,1) ,
(289,'S','91',295 ,116,1) ,
(290,'S','79',1077,117,1) ,
(291,'N','92',485 ,117,1) ,
(292,'S','92',1090,118,1) ,
(293,'S','119',238,118,1) ,
(294,'S','121',754,118,1) ,
(295,'S','118',30 ,119,1) ,
(296,'S','93' ,812,120,1) ,
(297,'S','105',814,120,1) ,
(298,'S','107',1465,120,1),
(299,'S','12' ,1086,121,1),
(300,'S','7'  ,84  ,122,1),
(301,'S','68' ,855 ,122,1),
(302,'S','80' ,930 ,122,3),
(303,'S','8'  ,32  ,123,1),
(304,'S','90' ,862 ,125,1),
(305,'S','11' ,243 ,125,1),
(306,'S','23' ,241 ,125,1),
(307,'S','24' ,248 ,125,1),
(308,'S','26' ,248 ,125,1),
(309,'S','29' ,236 ,125,1),
(310,'S','79' ,1090,125,1),
(311,'S','69' ,1090,125,1),
(312,'S','9'  ,446 ,127,3),
(313,'S','16' ,1293,127,1),
(314,'S','91' ,1308,127,1),
(315,'S','113',1100,128,1),
(316,'S','12' ,2009,129,1),
(317,'S','43' ,2007,129,1),
(318,'S','91' ,2007,129,1),
(319,'S','71' ,2023,129,1),
(320,'S','94' ,2018,129,1),
(321,'S','89' ,1439,130,1),
(322,'N','95' ,1883,131,1),
(323,'S','4'  ,536 ,132,3),
(324,'S','44' ,536 ,132,1),
(325,'S','88' ,536 ,132,1),
(326,'S','24' ,1399,132,1),
(327,'S','55' ,1399,132,1),
(328,'S','58' ,2097,132,1),
(329,'S','58' ,1069,133,3),
(330,'S','62' ,61  ,133,3),
(331,'N','80' ,1511,133,1),
(332,'S','19' ,39  ,134,1),
(333,'S','23' ,1759,134,1),
(334,'S','59' ,1653,135,1),
(335,'N','32' ,1894,136,1),
(336,'S','71' ,999 ,136,3),
(337,'S','55' ,555 ,137,1),
(338,'S','35' ,1862,138,1),
(339,'S','20' ,1552,139,1),
(340,'S','50' ,2153,139,1),
(341,'S','65' ,2120,140,3),
(342,'S','47' ,819 ,141,1),
(343,'S','69' ,814 ,141,1),
(344,'S','75' ,814 ,141,1),
(345,'S','35' ,2175,142,3),
(346,'S','11' ,1688,142,1),
(347,'S','91' ,1688,142,1),
(348,'S','39' ,940 ,143,1), 
(349,'S','6'  ,1229,143,3),
(350,'S','73' ,1237,143,1),
(351,'S','86' ,1965,144,1),
(352,'N','37' ,1959,144,1),
(353,'S','60' ,2066,144,1),
(354,'N','47' ,1663,145,1),
(355,'S','59' ,2007,145,1),
(356,'S','62' ,2023,145,1),
(357,'S','73' ,1666,145,3),
(358,'S','4'  ,536 ,146,1),
(359,'S','23' ,699 ,147,1),
(360,'S','54' ,1399,148,1),
(361,'S','7'  ,182 ,149,1),
(362,'S','38' ,61  ,149,3),
(363,'S','34' ,1712,150,1),
(364,'S','53' ,1005,151,1),
(365,'S','80' ,999 ,151,1),
(366,'S','91' ,996 ,151,1),
(367,'S','91' ,1552,152,1),
(368,'S','97' ,861 ,152,1),
(369,'S','49' ,1318,153,1),
(370,'S','75' ,1318,153,1),
(371,'S','5'  ,2079,154,1),
(372,'S','52' ,1413,154,1),
(373,'S','90' ,690 ,154,1),
(374,'S','6'  ,815 ,155,3),
(375,'S','51' ,815 ,155,1),
(376,'S','16' ,814 ,155,1),
(377,'S','48' ,814 ,155,1),
(378,'S','90' ,1539,155,1), 
(379,'S','18' ,2173,155,1),
(380,'S','93' ,2172,155,1),
(381,'S','93' ,1251,156,1),
(382,'S','26' ,425 ,156,3),
(383,'S','66' ,428 ,156,1),
(384,'S','48' ,1736,157,1),
(385,'S','95' ,248 ,157,1),
(386,'S','32' ,2136,157,1),
(387,'S','8'  ,1684,158,1),
(388,'S','40' ,1684,158,1),
(389,'S','22' ,1688,158,3),
(390,'S','46' ,1688,158,3),
(391,'S','62' ,1688,158,1),
(392,'S','36' ,1686,158,1),
(393,'S','78' ,1932,158,1),
(394,'S','34' ,1808,159,1),
(395,'S','78' ,363 ,159,1),
(396,'S','11' ,2057,159,1),
(397,'S','71' ,2061,159,1),
(398,'S','40' ,1577,160,1),
(399,'S','70' ,1573,160,1),
(400,'S','75' ,931 ,160,1),
(401,'S','51' ,2031,161,3),
(402,'S','95' ,2042,161,1),
(403,'S','22' ,1666,161,1),
(404,'S','10' ,699 ,162,1),
(405,'N','23' ,2007,162,1),  
(406,'S','90' ,697 ,162,1),
(407,'S','93' ,1183,163,3),
(408,'S','45' ,1998,163,1),
(409,'S','19' ,2115,164,1),
(410,'S','91' ,2110,164,1),
(411,'S','14' ,1876,164,1),
(412,'S','81' ,1878,164,1),
(413,'S','18' ,1950,165,1),
(414,'S','50' ,1941,165,1),
(415,'S','51' ,1322,167,3),
(416,'S','14' ,33  ,167,1),
(417,'S','86' ,775 ,167,1),
(418,'S','76' ,1758,168,3),
(419,'S','53' ,1004,168,1),
(420,'S','90' ,993 ,168,1),
(421,'S','50' ,2122,169,1),
(422,'S','62' ,2120,169,3),
(423,'N','74' ,452 ,169,1),
(424,'S','92' ,412 ,170,1),
(425,'S','96' ,414 ,170,1),
(426,'S','31' ,1418,171,1),
(427,'S','88' ,1422,171,1),
(428,'S','56' ,1606,171,1),
(429,'N','93' ,1415,171,1),
(430,'S','36' ,859 ,172,1),
(431,'S','68' ,84  ,172,1),
(432,'S','74' ,1577,173,1),
(433,'S','59' ,1960,174,1),
(434,'S','51' ,825 ,175,1),
(435,'N','33' ,2166,176,1),
(436,'S','51' ,2170,176,1),
(437,'S','66' ,2172,176,1),
(438,'S','13' ,1069,177,3),
(439,'S','57' ,1704,177,1),
(440,'S','64' ,1712,177,1),
(441,'S','68' ,1712,177,1),
(442,'S','41' ,30  ,177,1),
(443,'S','48' ,1474,177,1),
(444,'S','93' ,39  ,177,1),
(445,'S','7'  ,697 ,178,1),
(446,'S','62' ,697 ,178,1),
(447,'S','55' ,1337,178,1),
(448,'N','11' ,1361,179,1),
(449,'S','41' ,2023,179,3),
(450,'S','4'  ,1006,180,1),
(451,'S','1'  ,1646,180,1),
(452,'S','51' ,861 ,181,1),
(453,'S','88' ,1561,181,1),
(454,'S','69' ,810 ,182,1),
(455,'S','74' ,813 ,182,1),
(456,'S','94' ,827 ,182,1),
(457,'S','48' ,1802,182,1),
(458,'S','52' ,1808,182,1),
(459,'S','66' ,2126,183,1),
(460,'S','93' ,1577,184,1),
(461,'S','57' ,1688,184,1),
(462,'S','40' ,1062,185,1),
(463,'S','61' ,1069,185,1),
(464,'S','76' ,1549,186,1),
(465,'N','13' ,856 ,186,1),
(466,'S','31' ,812 ,186,1),
(467,'S','30' ,1685,187,1),
(468,'S','58' ,1699,187,1),
(469,'S','31' ,2007,188,1),
(470,'S','115',2003,188,1), 
(471,'S','39' ,1619,188,1),
(472,'S','100',1010,188,1),
(473,'S','51' ,1707,189,1),
(474,'S','68' ,993 ,190,1),
(475,'S','109',1006,190,1),
(476,'S','5'  ,1691,190,1),
(477,'S','4'  ,1533,191,1),
(478,'S','82' ,815 ,191,1),
(479,'N','18' ,1006,192,1),
(480,'S','38' ,1069,192,3),
(481,'S','59' ,1077,192,1),
(482,'S','65' ,1712,192,1),
(483,'S','28' ,993 ,192,1),
(484,'S','69' ,1006,192,1);